"","Mean","Median","Mode","ESS","HDImass","HDIlow","HDIhigh","CompVal","PcntGtCompVal","ROPElow","ROPEhigh","PcntLtROPE","PcntInROPE","PcntGtROPE"
"mu[1] 1st Base",0.130438701773333,0.1294525,0.126750228334648,11760.8,0.95,0.0902332,0.170676,NA,NA,NA,NA,NA,NA,NA
"mu[2] 2nd Base",0.247492961266667,0.247127,0.246215784428604,15000,0.95,0.209008,0.286093,NA,NA,NA,NA,NA,NA,NA
"mu[3] 3rd Base",0.251894726733333,0.2510365,0.247649958857897,15000,0.95,0.205073,0.297424,NA,NA,NA,NA,NA,NA,NA
"mu[4] Catcher",0.233670230933333,0.233348,0.232368900262049,15595.3,0.95,0.205765,0.261994,NA,NA,NA,NA,NA,NA,NA
"mu[5] Center Field",0.251873898333333,0.251547,0.251982531077895,15326.8,0.95,0.207362,0.297992,NA,NA,NA,NA,NA,NA,NA
"mu[6] Left Field",0.129512183,0.12855,0.124933532945411,11561.5,0.95,0.0883541,0.17062,NA,NA,NA,NA,NA,NA,NA
"mu[7] Pitcher",0.129424722193333,0.1286355,0.126391265497411,11640.3,0.95,0.089684,0.170818,NA,NA,NA,NA,NA,NA,NA
"mu[8] Right Field",0.243311163333333,0.2425485,0.240602285463963,14395.9,0.95,0.193885,0.294493,NA,NA,NA,NA,NA,NA,NA
"mu[9] Shortstop",0.2668911462,0.266719,0.265002454607451,15000,0.95,0.236508,0.296472,NA,NA,NA,NA,NA,NA,NA
"mu[10] NA",0.2772178488,0.2770425,0.277191894741441,14628.7,0.95,0.247038,0.308202,NA,NA,NA,NA,NA,NA,NA
"mu[11] NA",0.12928744716,0.1282305,0.126368783062896,10679.1,0.95,0.0884151,0.170136,NA,NA,NA,NA,NA,NA,NA
"mu[12] NA",0.249004218,0.2488315,0.249776801689047,15000,0.95,0.218468,0.278328,NA,NA,NA,NA,NA,NA,NA
"mu[13] NA",0.2455424738,0.2450665,0.243371197142334,15000,0.95,0.208723,0.280685,NA,NA,NA,NA,NA,NA,NA
"mu[14] NA",0.2420200234,0.2414915,0.240291477372788,15000,0.95,0.193759,0.293578,NA,NA,NA,NA,NA,NA,NA
"mu[15] NA",0.2484454068,0.2480175,0.249988775693401,14644.1,0.95,0.198901,0.30111,NA,NA,NA,NA,NA,NA,NA
"mu[16] NA",0.227567998066667,0.227485,0.228038576558128,14932.6,0.95,0.195914,0.260942,NA,NA,NA,NA,NA,NA,NA
"mu[17] NA",0.275040830266667,0.274843,0.274099352306991,15000,0.95,0.246257,0.30466,NA,NA,NA,NA,NA,NA,NA
"mu[18] NA",0.2474293888,0.247071,0.24715781939527,15515.1,0.95,0.206331,0.289155,NA,NA,NA,NA,NA,NA,NA
"mu[19] NA",0.278678642,0.2785625,0.279331901933341,15000,0.95,0.249251,0.311295,NA,NA,NA,NA,NA,NA,NA
"mu[20] NA",0.12855313074,0.1274155,0.124928392347429,11875.2,0.95,0.0895817,0.170707,NA,NA,NA,NA,NA,NA,NA
"mu[21] NA",0.237307117333333,0.236973,0.234514198420584,14574.5,0.95,0.20416,0.27167,NA,NA,NA,NA,NA,NA,NA
"mu[22] NA",0.264628151933333,0.2644985,0.265818761957422,15000,0.95,0.229657,0.299904,NA,NA,NA,NA,NA,NA,NA
"mu[23] NA",0.12854695662,0.1276345,0.127546759324198,12428.3,0.95,0.0878678,0.169148,NA,NA,NA,NA,NA,NA,NA
"mu[24] NA",0.132509660886667,0.1317455,0.129823580913366,11497.1,0.95,0.0971453,0.169706,NA,NA,NA,NA,NA,NA,NA
"mu[25] NA",0.244838063,0.24445,0.2425840544802,15000,0.95,0.201277,0.289727,NA,NA,NA,NA,NA,NA,NA
"mu[26] NA",0.242128308933333,0.2418575,0.243815499823304,15000,0.95,0.208943,0.275258,NA,NA,NA,NA,NA,NA,NA
"mu[27] NA",0.13217459152,0.1311195,0.125330381043438,12905.6,0.95,0.0920071,0.173906,NA,NA,NA,NA,NA,NA,NA
"mu[28] NA",0.249781008266667,0.249696,0.249625976981289,15000,0.95,0.218928,0.27922,NA,NA,NA,NA,NA,NA,NA
"mu[29] NA",0.12954784744,0.129017,0.133525099872668,10713.2,0.95,0.0909493,0.172225,NA,NA,NA,NA,NA,NA,NA
"mu[30] NA",0.276234649066667,0.2759675,0.274959260194751,14809,0.95,0.246425,0.308141,NA,NA,NA,NA,NA,NA,NA
"mu[31] NA",0.129578583286667,0.128784,0.12581727867622,11078.3,0.95,0.0900896,0.170658,NA,NA,NA,NA,NA,NA,NA
"mu[32] NA",0.126928452773333,0.1262445,0.12811517469262,12080.6,0.95,0.0929239,0.16383,NA,NA,NA,NA,NA,NA,NA
"mu[33] NA",0.251334033733333,0.251129,0.251990183262057,15000,0.95,0.213211,0.2921,NA,NA,NA,NA,NA,NA,NA
"mu[34] NA",0.240070841533333,0.2393665,0.237777715093504,15000,0.95,0.20218,0.279594,NA,NA,NA,NA,NA,NA,NA
"mu[35] NA",0.129018806213333,0.1281645,0.125013852589729,12291.4,0.95,0.088258,0.169376,NA,NA,NA,NA,NA,NA,NA
"mu[36] NA",0.222206139466667,0.2218855,0.22180081136004,14612.3,0.95,0.188006,0.255426,NA,NA,NA,NA,NA,NA,NA
"mu[37] NA",0.129188727466667,0.128027,0.126485363764716,11754.7,0.95,0.0885547,0.169502,NA,NA,NA,NA,NA,NA,NA
"mu[38] NA",0.236601931933333,0.236273,0.236955667881617,15000,0.95,0.206163,0.268375,NA,NA,NA,NA,NA,NA,NA
"mu[39] NA",0.244335987666667,0.244106,0.243003690824406,15000,0.95,0.200143,0.288996,NA,NA,NA,NA,NA,NA,NA
"mu[40] NA",0.2528644436,0.252751,0.252342402503738,15000,0.95,0.221756,0.281185,NA,NA,NA,NA,NA,NA,NA
"mu[41] NA",0.222252042,0.2216775,0.218613947269159,14573.3,0.95,0.180095,0.268393,NA,NA,NA,NA,NA,NA,NA
"mu[42] NA",0.239204380133333,0.23887,0.23931421095407,15000,0.95,0.197147,0.283954,NA,NA,NA,NA,NA,NA,NA
"mu[43] NA",0.129825317166667,0.128946,0.124608445063995,11740.6,0.95,0.0930993,0.169965,NA,NA,NA,NA,NA,NA,NA
"mu[44] NA",0.12703156842,0.1260055,0.12295041564664,11260,0.95,0.0883655,0.167977,NA,NA,NA,NA,NA,NA,NA
"mu[45] NA",0.127920305366667,0.12691,0.123782296697402,10977.6,0.95,0.0892678,0.169272,NA,NA,NA,NA,NA,NA,NA
"mu[46] NA",0.2495421868,0.249107,0.244365123608782,15000,0.95,0.215815,0.284874,NA,NA,NA,NA,NA,NA,NA
"mu[47] NA",0.260765608333333,0.260505,0.261118794356582,15000,0.95,0.218718,0.300558,NA,NA,NA,NA,NA,NA,NA
"mu[48] NA",0.215940997266667,0.215496,0.212155684643599,14429.8,0.95,0.179363,0.254634,NA,NA,NA,NA,NA,NA,NA
"mu[49] NA",0.134928497213333,0.1340805,0.130793731292627,12213.7,0.95,0.0948403,0.174294,NA,NA,NA,NA,NA,NA,NA
"mu[50] NA",0.12931425906,0.128363,0.125327597110295,10117.3,0.95,0.0901044,0.170933,NA,NA,NA,NA,NA,NA,NA
"mu[51] NA",0.124008438673333,0.1231785,0.121457070436913,9948.4,0.95,0.0860358,0.16316,NA,NA,NA,NA,NA,NA,NA
"mu[52] NA",0.239922639933333,0.239599,0.238658894827019,15000,0.95,0.210858,0.270099,NA,NA,NA,NA,NA,NA,NA
"mu[53] NA",0.127579849766667,0.126743,0.124672226513579,11713.1,0.95,0.0894533,0.165433,NA,NA,NA,NA,NA,NA,NA
"mu[54] NA",0.12857972142,0.1278425,0.129394319236688,12914.6,0.95,0.0886421,0.170046,NA,NA,NA,NA,NA,NA,NA
"mu[55] NA",0.2449942438,0.2446355,0.245868109776749,13279.9,0.95,0.1973,0.292354,NA,NA,NA,NA,NA,NA,NA
"mu[56] NA",0.12925193084,0.1283035,0.127550208302934,11467.5,0.95,0.0885974,0.170426,NA,NA,NA,NA,NA,NA,NA
"mu[57] NA",0.266383467933333,0.266195,0.267758869388444,15509.2,0.95,0.233834,0.299715,NA,NA,NA,NA,NA,NA,NA
"mu[58] NA",0.265806433133333,0.265743,0.265586298821266,14601.4,0.95,0.236206,0.296982,NA,NA,NA,NA,NA,NA,NA
"mu[59] NA",0.301571884933333,0.3014595,0.301687882125012,14647.6,0.95,0.271569,0.331845,NA,NA,NA,NA,NA,NA,NA
"mu[60] NA",0.12945307392,0.1286575,0.129112961824772,11632.5,0.95,0.0907594,0.17332,NA,NA,NA,NA,NA,NA,NA
"mu[61] NA",0.127626736646667,0.126674,0.126784665032938,12220.4,0.95,0.0898962,0.171672,NA,NA,NA,NA,NA,NA,NA
"mu[62] NA",0.255444193133333,0.254971,0.253059323811224,15000,0.95,0.211277,0.303007,NA,NA,NA,NA,NA,NA,NA
"mu[63] NA",0.2695864504,0.2693345,0.268807532266684,14018.8,0.95,0.230844,0.307883,NA,NA,NA,NA,NA,NA,NA
"mu[64] NA",0.2550369728,0.254758,0.253275685397117,15000,0.95,0.219167,0.291191,NA,NA,NA,NA,NA,NA,NA
"mu[65] NA",0.2408783948,0.2405085,0.238111053014747,15000,0.95,0.202127,0.278489,NA,NA,NA,NA,NA,NA,NA
"mu[66] NA",0.260091612333333,0.259935,0.260645411543177,15000,0.95,0.224591,0.2945,NA,NA,NA,NA,NA,NA,NA
"mu[67] NA",0.237177077,0.236669,0.234900532434552,15438.8,0.95,0.193439,0.284796,NA,NA,NA,NA,NA,NA,NA
"mu[68] NA",0.137697731326667,0.1370005,0.138458021834818,13993.5,0.95,0.100797,0.178054,NA,NA,NA,NA,NA,NA,NA
"mu[69] NA",0.243413381133333,0.243248,0.244336803942984,15000,0.95,0.199188,0.288348,NA,NA,NA,NA,NA,NA,NA
"mu[70] NA",0.128838837793333,0.1279495,0.125698783892102,11382.8,0.95,0.0887405,0.169937,NA,NA,NA,NA,NA,NA,NA
"mu[71] NA",0.129048634286667,0.1281355,0.125875837227581,12143,0.95,0.0890644,0.170079,NA,NA,NA,NA,NA,NA,NA
"mu[72] NA",0.2666895626,0.2662995,0.266928640655236,15000,0.95,0.223604,0.312562,NA,NA,NA,NA,NA,NA,NA
"mu[73] NA",0.2507772684,0.250438,0.249088469869403,15000,0.95,0.218116,0.283726,NA,NA,NA,NA,NA,NA,NA
"mu[74] NA",0.231283885066667,0.2309165,0.232432436092749,14512.9,0.95,0.187592,0.278839,NA,NA,NA,NA,NA,NA,NA
"mu[75] NA",0.253021278533333,0.2525535,0.251221873386623,15000,0.95,0.201556,0.304465,NA,NA,NA,NA,NA,NA,NA
"mu[76] NA",0.119906347433333,0.1191075,0.118713236772634,11708.3,0.95,0.0843453,0.155335,NA,NA,NA,NA,NA,NA,NA
"mu[77] NA",0.278141322,0.2779365,0.276824965474039,15000,0.95,0.243296,0.315018,NA,NA,NA,NA,NA,NA,NA
"mu[78] NA",0.248147387533333,0.247466,0.245325908045925,15000,0.95,0.19948,0.298309,NA,NA,NA,NA,NA,NA,NA
"mu[79] NA",0.247652677666667,0.2474635,0.247081087803361,15229.3,0.95,0.217294,0.279417,NA,NA,NA,NA,NA,NA,NA
"mu[80] NA",0.227705454133333,0.227413,0.228044817161028,15000,0.95,0.195302,0.261349,NA,NA,NA,NA,NA,NA,NA
"mu[81] NA",0.258735151933333,0.258346,0.256112366673937,15000,0.95,0.220797,0.296348,NA,NA,NA,NA,NA,NA,NA
"mu[82] NA",0.239955360266667,0.2391535,0.237007102882533,13224.6,0.95,0.190425,0.291201,NA,NA,NA,NA,NA,NA,NA
"mu[83] NA",0.2587825186,0.2582605,0.259407653274226,17436.9,0.95,0.213878,0.308647,NA,NA,NA,NA,NA,NA,NA
"mu[84] NA",0.244507097,0.24426,0.24441515558585,15000,0.95,0.202823,0.28454,NA,NA,NA,NA,NA,NA,NA
"mu[85] NA",0.2695561968,0.2692745,0.266614284490815,15000,0.95,0.241382,0.299507,NA,NA,NA,NA,NA,NA,NA
"mu[86] NA",0.12919481152,0.1282345,0.130203208567995,10664,0.95,0.0894367,0.170867,NA,NA,NA,NA,NA,NA,NA
"mu[87] NA",0.129449787806667,0.1285445,0.127192493785059,11483.4,0.95,0.0887708,0.169828,NA,NA,NA,NA,NA,NA,NA
"mu[88] NA",0.2784124086,0.278215,0.279751240480847,15000,0.95,0.248041,0.309092,NA,NA,NA,NA,NA,NA,NA
"mu[89] NA",0.254511618866667,0.2540785,0.254432451660298,15028.2,0.95,0.21093,0.300147,NA,NA,NA,NA,NA,NA,NA
"mu[90] NA",0.298143179466667,0.2980045,0.298994180399309,15000,0.95,0.267796,0.32858,NA,NA,NA,NA,NA,NA,NA
"mu[91] NA",0.1286516447,0.127721,0.12487614331816,10695.3,0.95,0.090274,0.171258,NA,NA,NA,NA,NA,NA,NA
"mu[92] NA",0.238777900933333,0.2384175,0.238573433433942,14317,0.95,0.188448,0.287852,NA,NA,NA,NA,NA,NA,NA
"mu[93] NA",0.129063699793333,0.128187,0.126635475877037,12035.8,0.95,0.0879671,0.169895,NA,NA,NA,NA,NA,NA,NA
"mu[94] NA",0.251542665866667,0.251059,0.249863468947323,15000,0.95,0.208062,0.29497,NA,NA,NA,NA,NA,NA,NA
"mu[95] NA",0.2477770316,0.2471115,0.247702709389758,15000,0.95,0.200861,0.2999,NA,NA,NA,NA,NA,NA,NA
"mu[96] NA",0.249791522066667,0.249332,0.247648762992747,15000,0.95,0.209255,0.288578,NA,NA,NA,NA,NA,NA,NA
"mu[97] NA",0.129282885053333,0.128266,0.127395447311102,12850.4,0.95,0.090332,0.172134,NA,NA,NA,NA,NA,NA,NA
"mu[98] NA",0.254300024533333,0.253998,0.253622080727915,14480,0.95,0.22424,0.284346,NA,NA,NA,NA,NA,NA,NA
"mu[99] NA",0.129024357553333,0.1280725,0.126131732476228,12598.6,0.95,0.0905007,0.170447,NA,NA,NA,NA,NA,NA,NA
"mu[100] NA",0.214250601866667,0.2138405,0.211929906096688,15000,0.95,0.18097,0.246211,NA,NA,NA,NA,NA,NA,NA
"mu[101] NA",0.244260467533333,0.2437535,0.242324634345345,15000,0.95,0.197595,0.289623,NA,NA,NA,NA,NA,NA,NA
"mu[102] NA",0.11309759666,0.1124325,0.112327165470009,11274.6,0.95,0.0794201,0.14796,NA,NA,NA,NA,NA,NA,NA
"mu[103] NA",0.136303664533333,0.135308,0.131408833728448,11920,0.95,0.0978824,0.172122,NA,NA,NA,NA,NA,NA,NA
"mu[104] NA",0.117363018653333,0.116594,0.115322892973955,11723.9,0.95,0.0825622,0.151895,NA,NA,NA,NA,NA,NA,NA
"mu[105] NA",0.129664178646667,0.1287865,0.126167481232498,11653,0.95,0.0889568,0.170888,NA,NA,NA,NA,NA,NA,NA
"mu[106] NA",0.2384404372,0.238184,0.237579506774377,15383.9,0.95,0.195796,0.279927,NA,NA,NA,NA,NA,NA,NA
"mu[107] NA",0.250190061266667,0.24981,0.252182164514945,15000,0.95,0.200047,0.300261,NA,NA,NA,NA,NA,NA,NA
"mu[108] NA",0.228737851733333,0.228307,0.22652434489429,15591.2,0.95,0.185355,0.270184,NA,NA,NA,NA,NA,NA,NA
"mu[109] NA",0.294433290866667,0.2942365,0.295120364951275,15000,0.95,0.262747,0.323491,NA,NA,NA,NA,NA,NA,NA
"mu[110] NA",0.242246021,0.241864,0.240198540996656,15000,0.95,0.199437,0.282848,NA,NA,NA,NA,NA,NA,NA
"mu[111] NA",0.263491372066667,0.263272,0.262917789033251,15000,0.95,0.233406,0.293975,NA,NA,NA,NA,NA,NA,NA
"mu[112] NA",0.12926937588,0.128518,0.124228244187685,10905.4,0.95,0.0886234,0.168764,NA,NA,NA,NA,NA,NA,NA
"mu[113] NA",0.247536120333333,0.2472085,0.246404819764784,15000,0.95,0.21526,0.280485,NA,NA,NA,NA,NA,NA,NA
"mu[114] NA",0.3109522144,0.3107535,0.310482233817956,14585.2,0.95,0.277157,0.344784,NA,NA,NA,NA,NA,NA,NA
"mu[115] NA",0.307813642066667,0.307614,0.307399648932011,15000,0.95,0.27736,0.337999,NA,NA,NA,NA,NA,NA,NA
"mu[116] NA",0.128071309833333,0.127365,0.128336731845743,12375.6,0.95,0.0917634,0.164596,NA,NA,NA,NA,NA,NA,NA
"mu[117] NA",0.262425875933333,0.2621975,0.262902195865404,14771.5,0.95,0.222859,0.300186,NA,NA,NA,NA,NA,NA,NA
"mu[118] NA",0.1397500705,0.1389545,0.137302393293931,12155.4,0.95,0.103663,0.177451,NA,NA,NA,NA,NA,NA,NA
"mu[119] NA",0.2302918912,0.2301175,0.230436305463694,13890,0.95,0.188736,0.269933,NA,NA,NA,NA,NA,NA,NA
"mu[120] NA",0.252977881666667,0.2523715,0.249663224505593,15000,0.95,0.203606,0.304042,NA,NA,NA,NA,NA,NA,NA
"mu[121] NA",0.254387383266667,0.2539495,0.251593139553314,16608,0.95,0.22393,0.287767,NA,NA,NA,NA,NA,NA,NA
"mu[122] NA",0.261347191066667,0.261125,0.260649294233375,15000,0.95,0.220235,0.301203,NA,NA,NA,NA,NA,NA,NA
"mu[123] NA",0.2935706494,0.2934565,0.292788802610881,15000,0.95,0.262934,0.32226,NA,NA,NA,NA,NA,NA,NA
"mu[124] NA",0.2563162958,0.255861,0.25463308482245,15000,0.95,0.21159,0.302334,NA,NA,NA,NA,NA,NA,NA
"mu[125] NA",0.123665589306667,0.1227245,0.121205469574735,12360.6,0.95,0.0888774,0.160866,NA,NA,NA,NA,NA,NA,NA
"mu[126] NA",0.238607143733333,0.2383165,0.237713054560174,15794.5,0.95,0.191933,0.284368,NA,NA,NA,NA,NA,NA,NA
"mu[127] NA",0.240484183066667,0.239724,0.238605123197426,15000,0.95,0.191537,0.291825,NA,NA,NA,NA,NA,NA,NA
"mu[128] NA",0.237810767133333,0.237408,0.233630583722057,14381.1,0.95,0.197233,0.277184,NA,NA,NA,NA,NA,NA,NA
"mu[129] NA",0.130687503573333,0.1299785,0.129504157759566,11904.2,0.95,0.0904604,0.171333,NA,NA,NA,NA,NA,NA,NA
"mu[130] NA",0.13267110558,0.1317035,0.128026749259377,12024.8,0.95,0.0921963,0.173543,NA,NA,NA,NA,NA,NA,NA
"mu[131] NA",0.275082248666667,0.2747385,0.27502911105487,15000,0.95,0.238445,0.311865,NA,NA,NA,NA,NA,NA,NA
"mu[132] NA",0.12970394832,0.128891,0.128156776380907,10861.7,0.95,0.0890014,0.170988,NA,NA,NA,NA,NA,NA,NA
"mu[133] NA",0.2589287916,0.258481,0.259714038879822,14453.4,0.95,0.217178,0.301372,NA,NA,NA,NA,NA,NA,NA
"mu[134] NA",0.257412775733333,0.2569605,0.254071922978575,15000,0.95,0.205325,0.311526,NA,NA,NA,NA,NA,NA,NA
"mu[135] NA",0.2617868628,0.2617465,0.260210300154779,14007.3,0.95,0.230054,0.292598,NA,NA,NA,NA,NA,NA,NA
"mu[136] NA",0.247455774733333,0.246926,0.246413651369366,15000,0.95,0.202919,0.295104,NA,NA,NA,NA,NA,NA,NA
"mu[137] NA",0.247251770333333,0.2468905,0.247328026609898,15000,0.95,0.209832,0.286323,NA,NA,NA,NA,NA,NA,NA
"mu[138] NA",0.13020432332,0.1293855,0.12861252159499,11486.2,0.95,0.0912145,0.172449,NA,NA,NA,NA,NA,NA,NA
"mu[139] NA",0.245448073533333,0.2452085,0.243623526732964,15000,0.95,0.209674,0.280569,NA,NA,NA,NA,NA,NA,NA
"mu[140] NA",0.132064612713333,0.1311655,0.130087456987142,10356,0.95,0.0918994,0.173878,NA,NA,NA,NA,NA,NA,NA
"mu[141] NA",0.245663618333333,0.245191,0.247182648147602,15000,0.95,0.198543,0.295471,NA,NA,NA,NA,NA,NA,NA
"mu[142] NA",0.250257677533333,0.2498825,0.24865949022521,15000,0.95,0.210902,0.291047,NA,NA,NA,NA,NA,NA,NA
"mu[143] NA",0.2488707414,0.2484355,0.247676474424642,15000,0.95,0.213569,0.287415,NA,NA,NA,NA,NA,NA,NA
"mu[144] NA",0.2732964124,0.27306,0.273369337164663,15493.4,0.95,0.245056,0.302325,NA,NA,NA,NA,NA,NA,NA
"mu[145] NA",0.12912052062,0.128103,0.124500862535512,12062.6,0.95,0.0879807,0.169173,NA,NA,NA,NA,NA,NA,NA
"mu[146] NA",0.254212594066667,0.2537975,0.253272661551449,15000,0.95,0.213416,0.295537,NA,NA,NA,NA,NA,NA,NA
"mu[147] NA",0.129496081866667,0.1284995,0.124747666284729,11353.2,0.95,0.0897421,0.171252,NA,NA,NA,NA,NA,NA,NA
"mu[148] NA",0.240289648,0.2395635,0.236220090164818,15000,0.95,0.190477,0.291098,NA,NA,NA,NA,NA,NA,NA
"mu[149] NA",0.277489800533333,0.2772285,0.275744304378127,15000,0.95,0.245704,0.309438,NA,NA,NA,NA,NA,NA,NA
"mu[150] NA",0.142832271773333,0.142169,0.143463916307203,13291.8,0.95,0.102815,0.184603,NA,NA,NA,NA,NA,NA,NA
"mu[151] NA",0.253075837533333,0.252707,0.24776912097296,15000,0.95,0.205979,0.299838,NA,NA,NA,NA,NA,NA,NA
"mu[152] NA",0.136511739706667,0.1358715,0.137177458852229,10668.3,0.95,0.0969072,0.178428,NA,NA,NA,NA,NA,NA,NA
"mu[153] NA",0.234120024466667,0.2340795,0.235801813242455,14060.7,0.95,0.193889,0.273934,NA,NA,NA,NA,NA,NA,NA
"mu[154] NA",0.2696275516,0.2693325,0.268088870809521,15000,0.95,0.234041,0.307865,NA,NA,NA,NA,NA,NA,NA
"mu[155] NA",0.129134805613333,0.1281805,0.126023622789671,11774.3,0.95,0.0892962,0.170945,NA,NA,NA,NA,NA,NA,NA
"mu[156] NA",0.131118983893333,0.1302565,0.12840684594101,11371.4,0.95,0.0913171,0.172879,NA,NA,NA,NA,NA,NA,NA
"mu[157] NA",0.128537039853333,0.127508,0.124924025181488,11605.2,0.95,0.0878791,0.169518,NA,NA,NA,NA,NA,NA,NA
"mu[158] NA",0.261602706666667,0.2614795,0.261740363047992,15000,0.95,0.218985,0.303815,NA,NA,NA,NA,NA,NA,NA
"mu[159] NA",0.2754250796,0.2750965,0.274541780780213,15000,0.95,0.245729,0.304916,NA,NA,NA,NA,NA,NA,NA
"mu[160] NA",0.2303031274,0.229826,0.226170259707871,15000,0.95,0.185228,0.277905,NA,NA,NA,NA,NA,NA,NA
"mu[161] NA",0.129568674233333,0.1285875,0.126100543652817,12163.8,0.95,0.0897026,0.171362,NA,NA,NA,NA,NA,NA,NA
"mu[162] NA",0.275780741,0.2753525,0.272702696200201,15000,0.95,0.238205,0.314772,NA,NA,NA,NA,NA,NA,NA
"mu[163] NA",0.129326495686667,0.12848,0.128768637452401,11330.1,0.95,0.0893583,0.170685,NA,NA,NA,NA,NA,NA,NA
"mu[164] NA",0.245363285466667,0.2447955,0.242982948272622,15530.7,0.95,0.195423,0.294595,NA,NA,NA,NA,NA,NA,NA
"mu[165] NA",0.129898553666667,0.128956,0.127481645529524,12682.3,0.95,0.0909796,0.172741,NA,NA,NA,NA,NA,NA,NA
"mu[166] NA",0.2246415538,0.2240775,0.22171725911821,13831.3,0.95,0.187861,0.263993,NA,NA,NA,NA,NA,NA,NA
"mu[167] NA",0.12818705338,0.127208,0.127394129540841,11827.3,0.95,0.0896956,0.169362,NA,NA,NA,NA,NA,NA,NA
"mu[168] NA",0.223477404133333,0.223115,0.224874638416073,14426.3,0.95,0.181223,0.268271,NA,NA,NA,NA,NA,NA,NA
"mu[169] NA",0.13201502328,0.1310395,0.129884838369199,12632.5,0.95,0.0930148,0.175013,NA,NA,NA,NA,NA,NA,NA
"mu[170] NA",0.129542503273333,0.1286275,0.125255144312384,11667.3,0.95,0.090221,0.170995,NA,NA,NA,NA,NA,NA,NA
"mu[171] NA",0.125831407713333,0.1250055,0.126040674897442,11387.8,0.95,0.0875873,0.165557,NA,NA,NA,NA,NA,NA,NA
"mu[172] NA",0.12795804458,0.126979,0.122941464598548,11657.6,0.95,0.0892915,0.169795,NA,NA,NA,NA,NA,NA,NA
"mu[173] NA",0.129446741346667,0.1285885,0.128839570001235,11523.9,0.95,0.0909776,0.172857,NA,NA,NA,NA,NA,NA,NA
"mu[174] NA",0.278254095333333,0.277944,0.277532810065674,15000,0.95,0.244712,0.312633,NA,NA,NA,NA,NA,NA,NA
"mu[175] NA",0.236834750666667,0.236352,0.236974967722285,14634.3,0.95,0.1897,0.287463,NA,NA,NA,NA,NA,NA,NA
"mu[176] NA",0.2252718734,0.224985,0.224366641460473,15000,0.95,0.181878,0.269102,NA,NA,NA,NA,NA,NA,NA
"mu[177] NA",0.251535631533333,0.250891,0.2491361365459,14392.2,0.95,0.207035,0.298653,NA,NA,NA,NA,NA,NA,NA
"mu[178] NA",0.269831636666667,0.269367,0.264196347924843,15000,0.95,0.2262,0.311747,NA,NA,NA,NA,NA,NA,NA
"mu[179] NA",0.127659084293333,0.1267465,0.127042444913908,11676,0.95,0.0909142,0.166838,NA,NA,NA,NA,NA,NA,NA
"mu[180] NA",0.12927595542,0.128251,0.126495645508103,11492.4,0.95,0.0896498,0.171518,NA,NA,NA,NA,NA,NA,NA
"mu[181] NA",0.247564471466667,0.2469,0.244884514244619,14611,0.95,0.202492,0.293169,NA,NA,NA,NA,NA,NA,NA
"mu[182] NA",0.126282908626667,0.1255515,0.125695061304985,12052.9,0.95,0.0894528,0.163046,NA,NA,NA,NA,NA,NA,NA
"mu[183] NA",0.241657737066667,0.2411525,0.240642702783725,15000,0.95,0.19096,0.290335,NA,NA,NA,NA,NA,NA,NA
"mu[184] NA",0.236257198666667,0.235931,0.232682973132409,14525.9,0.95,0.194535,0.282969,NA,NA,NA,NA,NA,NA,NA
"mu[185] NA",0.256793812266667,0.256474,0.2579171651991,15000,0.95,0.213814,0.302023,NA,NA,NA,NA,NA,NA,NA
"mu[186] NA",0.247116066,0.246898,0.245765963917503,15000,0.95,0.217747,0.27594,NA,NA,NA,NA,NA,NA,NA
"mu[187] NA",0.287360495,0.286993,0.286225373313913,15000,0.95,0.255291,0.320027,NA,NA,NA,NA,NA,NA,NA
"mu[188] NA",0.2489935304,0.2487135,0.247582840085137,15000,0.95,0.219083,0.281778,NA,NA,NA,NA,NA,NA,NA
"mu[189] NA",0.261026793533333,0.260537,0.26134706481342,14672,0.95,0.217827,0.306021,NA,NA,NA,NA,NA,NA,NA
"mu[190] NA",0.259279788133333,0.258951,0.258633943359213,15000,0.95,0.227405,0.291158,NA,NA,NA,NA,NA,NA,NA
"mu[191] NA",0.2782401804,0.2781345,0.279583301036144,15000,0.95,0.242375,0.317069,NA,NA,NA,NA,NA,NA,NA
"mu[192] NA",0.259716887533333,0.2595275,0.256529670952459,15000,0.95,0.230285,0.288943,NA,NA,NA,NA,NA,NA,NA
"mu[193] NA",0.12921992656,0.128216,0.126403727817987,10669.3,0.95,0.0892547,0.170159,NA,NA,NA,NA,NA,NA,NA
"mu[194] NA",0.24548208,0.2450385,0.244880102102632,15000,0.95,0.203717,0.288822,NA,NA,NA,NA,NA,NA,NA
"mu[195] NA",0.2597008386,0.2595935,0.259585132347215,15000,0.95,0.226491,0.294541,NA,NA,NA,NA,NA,NA,NA
"mu[196] NA",0.122331069446667,0.1215615,0.119615848794005,11485.1,0.95,0.0858284,0.156668,NA,NA,NA,NA,NA,NA,NA
"mu[197] NA",0.242496199733333,0.24194,0.239053117037303,15000,0.95,0.192389,0.290596,NA,NA,NA,NA,NA,NA,NA
"mu[198] NA",0.231653807933333,0.2313515,0.234431060718367,14593.4,0.95,0.188093,0.274915,NA,NA,NA,NA,NA,NA,NA
"mu[199] NA",0.245634249,0.245073,0.245160569267845,15000,0.95,0.192868,0.296418,NA,NA,NA,NA,NA,NA,NA
"mu[200] NA",0.239357233133333,0.2387795,0.23571689900873,15000,0.95,0.20232,0.278988,NA,NA,NA,NA,NA,NA,NA
"mu[201] NA",0.12849625832,0.1274535,0.124860836468574,10266.6,0.95,0.0892153,0.169702,NA,NA,NA,NA,NA,NA,NA
"mu[202] NA",0.246460108266667,0.2460645,0.246521983190278,16743.1,0.95,0.202676,0.294518,NA,NA,NA,NA,NA,NA,NA
"mu[203] NA",0.251037376533333,0.250316,0.247254676130665,15000,0.95,0.203779,0.303025,NA,NA,NA,NA,NA,NA,NA
"mu[204] NA",0.1320319963,0.1310105,0.129183355198385,12677.6,0.95,0.0920425,0.174305,NA,NA,NA,NA,NA,NA,NA
"mu[205] NA",0.2645168984,0.264316,0.262439589996405,15000,0.95,0.235288,0.296255,NA,NA,NA,NA,NA,NA,NA
"mu[206] NA",0.2367043238,0.2364125,0.23596098748008,15000,0.95,0.206399,0.266133,NA,NA,NA,NA,NA,NA,NA
"mu[207] NA",0.255366651866667,0.2550815,0.254343801016658,15000,0.95,0.22464,0.288291,NA,NA,NA,NA,NA,NA,NA
"mu[208] NA",0.132567703686667,0.1313915,0.129226947602784,10741.1,0.95,0.0913471,0.173882,NA,NA,NA,NA,NA,NA,NA
"mu[209] NA",0.273068042066667,0.272914,0.268557985187953,15000,0.95,0.242269,0.304566,NA,NA,NA,NA,NA,NA,NA
"mu[210] NA",0.2467455848,0.246179,0.24228157810523,14443.7,0.95,0.199577,0.295486,NA,NA,NA,NA,NA,NA,NA
"mu[211] NA",0.134720049633333,0.133877,0.131545052521064,11892,0.95,0.0929813,0.17484,NA,NA,NA,NA,NA,NA,NA
"mu[212] NA",0.2618167718,0.2615475,0.259713413348175,15466.4,0.95,0.2323,0.293735,NA,NA,NA,NA,NA,NA,NA
"mu[213] NA",0.13919695968,0.1382945,0.136331680737861,12514.7,0.95,0.0996499,0.180124,NA,NA,NA,NA,NA,NA,NA
"mu[214] NA",0.126329608213333,0.1255785,0.124059554675365,11458.6,0.95,0.0889754,0.164332,NA,NA,NA,NA,NA,NA,NA
"mu[215] NA",0.278503559866667,0.278351,0.278660575526157,15000,0.95,0.24466,0.314647,NA,NA,NA,NA,NA,NA,NA
"mu[216] NA",0.242100121466667,0.2416835,0.241904183988086,15000,0.95,0.19801,0.287468,NA,NA,NA,NA,NA,NA,NA
"mu[217] NA",0.237125748466667,0.236893,0.237072467450258,14356.8,0.95,0.205031,0.270969,NA,NA,NA,NA,NA,NA,NA
"mu[218] NA",0.277524360466667,0.2773285,0.279763601513039,14468.4,0.95,0.246649,0.309647,NA,NA,NA,NA,NA,NA,NA
"mu[219] NA",0.11783509326,0.117382,0.117554375124668,11755.5,0.95,0.0832097,0.155305,NA,NA,NA,NA,NA,NA,NA
"mu[220] NA",0.239874255533333,0.2394525,0.239439375891943,15000,0.95,0.190296,0.288917,NA,NA,NA,NA,NA,NA,NA
"mu[221] NA",0.13012308262,0.1290235,0.127145242180559,11815,0.95,0.0909729,0.171691,NA,NA,NA,NA,NA,NA,NA
"mu[222] NA",0.250519582466667,0.2498705,0.247900069164918,15000,0.95,0.201207,0.304741,NA,NA,NA,NA,NA,NA,NA
"mu[223] NA",0.243782488933333,0.2434745,0.244734885840056,14150.4,0.95,0.201189,0.287152,NA,NA,NA,NA,NA,NA,NA
"mu[224] NA",0.2537540438,0.253284,0.253980008461028,15000,0.95,0.203071,0.304272,NA,NA,NA,NA,NA,NA,NA
"mu[225] NA",0.134744580486667,0.1341355,0.130130285495292,12070,0.95,0.0993512,0.171051,NA,NA,NA,NA,NA,NA,NA
"mu[226] NA",0.132655925826667,0.1315925,0.128815626937475,10429.6,0.95,0.0932166,0.174622,NA,NA,NA,NA,NA,NA,NA
"mu[227] NA",0.2887264274,0.2885105,0.287888637975121,15000,0.95,0.251429,0.325793,NA,NA,NA,NA,NA,NA,NA
"mu[228] NA",0.272778396533333,0.2724275,0.269910831445453,15000,0.95,0.237899,0.309837,NA,NA,NA,NA,NA,NA,NA
"mu[229] NA",0.266147909533333,0.2656225,0.263892747637911,15000,0.95,0.222351,0.311815,NA,NA,NA,NA,NA,NA,NA
"mu[230] NA",0.240409488533333,0.239885,0.236261219733337,15000,0.95,0.19915,0.283626,NA,NA,NA,NA,NA,NA,NA
"mu[231] NA",0.249786717266667,0.249484,0.249516951032917,15000,0.95,0.213096,0.285602,NA,NA,NA,NA,NA,NA,NA
"mu[232] NA",0.129354937313333,0.128547,0.12856399823103,10854.8,0.95,0.090607,0.17168,NA,NA,NA,NA,NA,NA,NA
"mu[233] NA",0.2628643508,0.262743,0.263402257407491,15000,0.95,0.231693,0.293974,NA,NA,NA,NA,NA,NA,NA
"mu[234] NA",0.233702616733333,0.233635,0.23540218592982,15000,0.95,0.194424,0.273036,NA,NA,NA,NA,NA,NA,NA
"mu[235] NA",0.241350375933333,0.2411025,0.241181338513234,15000,0.95,0.208205,0.277121,NA,NA,NA,NA,NA,NA,NA
"mu[236] NA",0.128917646773333,0.12789,0.126341939181513,11795.8,0.95,0.0892964,0.170371,NA,NA,NA,NA,NA,NA,NA
"mu[237] NA",0.235924362933333,0.2357625,0.236038303914049,15000,0.95,0.201651,0.273929,NA,NA,NA,NA,NA,NA,NA
"mu[238] NA",0.247650707866667,0.247496,0.247956177640152,15000,0.95,0.215875,0.280023,NA,NA,NA,NA,NA,NA,NA
"mu[239] NA",0.129533303093333,0.1289455,0.131099815381944,10648.1,0.95,0.0897866,0.170625,NA,NA,NA,NA,NA,NA,NA
"mu[240] NA",0.129569715626667,0.128558,0.126159491684087,11214.2,0.95,0.0883629,0.170023,NA,NA,NA,NA,NA,NA,NA
"mu[241] NA",0.229339733266667,0.2291375,0.229110863731971,15000,0.95,0.192922,0.266999,NA,NA,NA,NA,NA,NA,NA
"mu[242] NA",0.220824935866667,0.2207165,0.221222406690396,15861.6,0.95,0.192794,0.249634,NA,NA,NA,NA,NA,NA,NA
"mu[243] NA",0.129181945473333,0.1282995,0.126555033091576,12212.4,0.95,0.0887088,0.170532,NA,NA,NA,NA,NA,NA,NA
"mu[244] NA",0.259537832533333,0.2591195,0.258195400674698,15000,0.95,0.223956,0.29682,NA,NA,NA,NA,NA,NA,NA
"mu[245] NA",0.2590041046,0.2586325,0.256643806953753,15000,0.95,0.213541,0.305057,NA,NA,NA,NA,NA,NA,NA
"mu[246] NA",0.12976810656,0.129007,0.128894154934031,11739,0.95,0.0907203,0.172387,NA,NA,NA,NA,NA,NA,NA
"mu[247] NA",0.2586149976,0.258267,0.257073811008726,15000,0.95,0.226158,0.291316,NA,NA,NA,NA,NA,NA,NA
"mu[248] NA",0.254934525733333,0.2546305,0.254352871373392,15000,0.95,0.223515,0.289818,NA,NA,NA,NA,NA,NA,NA
"mu[249] NA",0.265084556133333,0.264921,0.266670880207199,15000,0.95,0.228174,0.300049,NA,NA,NA,NA,NA,NA,NA
"mu[250] NA",0.237944511866667,0.2377105,0.238934973750633,15530.1,0.95,0.192067,0.282951,NA,NA,NA,NA,NA,NA,NA
"mu[251] NA",0.271625547,0.271462,0.273070271725546,16190.8,0.95,0.240928,0.302534,NA,NA,NA,NA,NA,NA,NA
"mu[252] NA",0.126192153313333,0.125419,0.122003017285037,10763.9,0.95,0.0884001,0.164567,NA,NA,NA,NA,NA,NA,NA
"mu[253] NA",0.278822938533333,0.2786975,0.281307748752485,15000,0.95,0.247935,0.308219,NA,NA,NA,NA,NA,NA,NA
"mu[254] NA",0.244232916533333,0.2439,0.241693880360885,15000,0.95,0.201603,0.286482,NA,NA,NA,NA,NA,NA,NA
"mu[255] NA",0.251547539266667,0.25128,0.25113207317424,13966.8,0.95,0.222265,0.2813,NA,NA,NA,NA,NA,NA,NA
"mu[256] NA",0.248544970933333,0.248346,0.246299113782523,15235.6,0.95,0.220126,0.277817,NA,NA,NA,NA,NA,NA,NA
"mu[257] NA",0.125993335573333,0.1251925,0.122548361965632,12010.7,0.95,0.0889271,0.163248,NA,NA,NA,NA,NA,NA,NA
"mu[258] NA",0.275939854866667,0.2758405,0.276950507483818,15000,0.95,0.246683,0.307039,NA,NA,NA,NA,NA,NA,NA
"mu[259] NA",0.230444209933333,0.2298315,0.230430657002815,14609.7,0.95,0.180795,0.279494,NA,NA,NA,NA,NA,NA,NA
"mu[260] NA",0.272290241266667,0.271503,0.267053689081814,15000,0.95,0.228813,0.322192,NA,NA,NA,NA,NA,NA,NA
"mu[261] NA",0.12943193106,0.128574,0.129409983151595,11557.7,0.95,0.0896342,0.171699,NA,NA,NA,NA,NA,NA,NA
"mu[262] NA",0.246992037266667,0.246341,0.244915114001397,14233.3,0.95,0.19656,0.297845,NA,NA,NA,NA,NA,NA,NA
"mu[263] NA",0.242963589466667,0.242217,0.24049940374015,14647.1,0.95,0.192618,0.294866,NA,NA,NA,NA,NA,NA,NA
"mu[264] NA",0.131553097766667,0.1308035,0.127506782005486,12383.1,0.95,0.0920036,0.173273,NA,NA,NA,NA,NA,NA,NA
"mu[265] NA",0.129060248753333,0.1281805,0.127451002172952,11202.6,0.95,0.0885791,0.170198,NA,NA,NA,NA,NA,NA,NA
"mu[266] NA",0.249115391066667,0.248534,0.247454477929491,13510.5,0.95,0.200044,0.303952,NA,NA,NA,NA,NA,NA,NA
"mu[267] NA",0.294100594333333,0.2938325,0.292806090112883,15000,0.95,0.263515,0.325345,NA,NA,NA,NA,NA,NA,NA
"mu[268] NA",0.125963802486667,0.12515,0.125847022904151,11146.1,0.95,0.090227,0.166126,NA,NA,NA,NA,NA,NA,NA
"mu[269] NA",0.133494388033333,0.132664,0.131887809263118,11719.7,0.95,0.0941331,0.175305,NA,NA,NA,NA,NA,NA,NA
"mu[270] NA",0.2249574186,0.2247195,0.224070200834128,15000,0.95,0.185687,0.265485,NA,NA,NA,NA,NA,NA,NA
"mu[271] NA",0.129252418306667,0.1282535,0.122597409767863,11436.2,0.95,0.0898941,0.170101,NA,NA,NA,NA,NA,NA,NA
"mu[272] NA",0.238382793,0.2380375,0.238096323895533,15000,0.95,0.198816,0.279943,NA,NA,NA,NA,NA,NA,NA
"mu[273] NA",0.227033902066667,0.2267405,0.223668783272081,15096,0.95,0.193164,0.263226,NA,NA,NA,NA,NA,NA,NA
"mu[274] NA",0.239188994333333,0.2390475,0.241865368604646,15000,0.95,0.197944,0.280865,NA,NA,NA,NA,NA,NA,NA
"mu[275] NA",0.2320962128,0.231774,0.231651001608864,15000,0.95,0.190657,0.27299,NA,NA,NA,NA,NA,NA,NA
"mu[276] NA",0.129485294266667,0.1286775,0.129390256088963,12386.9,0.95,0.0898928,0.169684,NA,NA,NA,NA,NA,NA,NA
"mu[277] NA",0.260525498933333,0.2599945,0.258844348857384,15000,0.95,0.215703,0.305549,NA,NA,NA,NA,NA,NA,NA
"mu[278] NA",0.237494786866667,0.2372,0.238605021572053,15000,0.95,0.192838,0.282619,NA,NA,NA,NA,NA,NA,NA
"mu[279] NA",0.262674661666667,0.262439,0.263873388385542,13124.8,0.95,0.227177,0.298227,NA,NA,NA,NA,NA,NA,NA
"mu[280] NA",0.284584246266667,0.284103,0.28120557796243,15000,0.95,0.25206,0.3179,NA,NA,NA,NA,NA,NA,NA
"mu[281] NA",0.1235038431,0.1226665,0.121630179808183,12538.8,0.95,0.0862481,0.161782,NA,NA,NA,NA,NA,NA,NA
"mu[282] NA",0.251521982466667,0.251282,0.251213458843319,15000,0.95,0.212963,0.291953,NA,NA,NA,NA,NA,NA,NA
"mu[283] NA",0.2484972954,0.2483235,0.251302499577567,15000,0.95,0.209423,0.288851,NA,NA,NA,NA,NA,NA,NA
"mu[284] NA",0.243490843866667,0.243455,0.245934383563937,15000,0.95,0.214548,0.273287,NA,NA,NA,NA,NA,NA,NA
"mu[285] NA",0.291924104666667,0.291388,0.290116224107819,15000,0.95,0.251509,0.335179,NA,NA,NA,NA,NA,NA,NA
"mu[286] NA",0.2667435158,0.266591,0.266403973745095,15384.8,0.95,0.235366,0.301487,NA,NA,NA,NA,NA,NA,NA
"mu[287] NA",0.257585983066667,0.2572665,0.25643284293645,14635.7,0.95,0.22834,0.288147,NA,NA,NA,NA,NA,NA,NA
"mu[288] NA",0.2811100098,0.2809355,0.282586184580679,14626,0.95,0.250367,0.313659,NA,NA,NA,NA,NA,NA,NA
"mu[289] NA",0.125520329293333,0.124725,0.125271100153172,11108.7,0.95,0.0880232,0.164848,NA,NA,NA,NA,NA,NA,NA
"mu[290] NA",0.25189217,0.2512885,0.24941915709397,15000,0.95,0.201957,0.306113,NA,NA,NA,NA,NA,NA,NA
"mu[291] NA",0.241257202,0.240599,0.239237412481215,15000,0.95,0.194988,0.289934,NA,NA,NA,NA,NA,NA,NA
"mu[292] NA",0.258624912466667,0.258284,0.258315516256264,15975.6,0.95,0.21478,0.305364,NA,NA,NA,NA,NA,NA,NA
"mu[293] NA",0.258781320333333,0.258493,0.258662800444016,15000,0.95,0.227714,0.290377,NA,NA,NA,NA,NA,NA,NA
"mu[294] NA",0.12594131826,0.124954,0.122315369594262,10801,0.95,0.0879691,0.166685,NA,NA,NA,NA,NA,NA,NA
"mu[295] NA",0.136599588226667,0.136005,0.136546910701848,12230.7,0.95,0.100287,0.174571,NA,NA,NA,NA,NA,NA,NA
"mu[296] NA",0.2409422398,0.240436,0.237459220459126,15000,0.95,0.201997,0.280193,NA,NA,NA,NA,NA,NA,NA
"mu[297] NA",0.2525627524,0.252046,0.250094660076616,15000,0.95,0.206387,0.298968,NA,NA,NA,NA,NA,NA,NA
"mu[298] NA",0.268666583066667,0.26814,0.261397827908914,15985.8,0.95,0.222518,0.319655,NA,NA,NA,NA,NA,NA,NA
"mu[299] NA",0.129569956613333,0.1286065,0.126477431010531,11886.2,0.95,0.0901442,0.17205,NA,NA,NA,NA,NA,NA,NA
"mu[300] NA",0.145229172926667,0.144224,0.142365756282873,11180.5,0.95,0.107041,0.18682,NA,NA,NA,NA,NA,NA,NA
"mu[301] NA",0.259133667,0.258646,0.26086141169467,15428,0.95,0.210792,0.311623,NA,NA,NA,NA,NA,NA,NA
"mu[302] NA",0.123669047666667,0.1228995,0.121896659666853,11568.9,0.95,0.0856066,0.161935,NA,NA,NA,NA,NA,NA,NA
"mu[303] NA",0.126209546813333,0.125213,0.122368226349287,11690.7,0.95,0.0857322,0.165213,NA,NA,NA,NA,NA,NA,NA
"mu[304] NA",0.131776823333333,0.1309305,0.124828898194974,11337.2,0.95,0.0936195,0.171355,NA,NA,NA,NA,NA,NA,NA
"mu[305] NA",0.280301886666667,0.2800365,0.280440979047649,15000,0.95,0.240151,0.318952,NA,NA,NA,NA,NA,NA,NA
"mu[306] NA",0.125796212633333,0.125105,0.125380056553023,11027.6,0.95,0.0859413,0.164121,NA,NA,NA,NA,NA,NA,NA
"mu[307] NA",0.2608591168,0.260538,0.260634512239274,15000,0.95,0.220209,0.30048,NA,NA,NA,NA,NA,NA,NA
"mu[308] NA",0.246828429933333,0.246116,0.242900324087813,15000,0.95,0.204537,0.292935,NA,NA,NA,NA,NA,NA,NA
"mu[309] NA",0.245976062933333,0.245204,0.243192262773979,15000,0.95,0.207616,0.286912,NA,NA,NA,NA,NA,NA,NA
"mu[310] NA",0.250828217666667,0.2502555,0.246704924489381,15000,0.95,0.201454,0.30194,NA,NA,NA,NA,NA,NA,NA
"mu[311] NA",0.2464822668,0.2459065,0.241009684422535,15000,0.95,0.201573,0.290767,NA,NA,NA,NA,NA,NA,NA
"mu[312] NA",0.2498028136,0.249102,0.244065903332428,16070.4,0.95,0.201566,0.302699,NA,NA,NA,NA,NA,NA,NA
"mu[313] NA",0.2749939172,0.274873,0.275679884594096,15513,0.95,0.243173,0.305368,NA,NA,NA,NA,NA,NA,NA
"mu[314] NA",0.129307514806667,0.1282075,0.12555110637241,11186.1,0.95,0.0891456,0.169273,NA,NA,NA,NA,NA,NA,NA
"mu[315] NA",0.256727998,0.2564115,0.254925312275612,15353,0.95,0.221319,0.295394,NA,NA,NA,NA,NA,NA,NA
"mu[316] NA",0.2411620992,0.2405925,0.238279231280829,15000,0.95,0.198394,0.286929,NA,NA,NA,NA,NA,NA,NA
"mu[317] NA",0.259886782266667,0.2595485,0.259673678975273,14524.5,0.95,0.226978,0.291927,NA,NA,NA,NA,NA,NA,NA
"mu[318] NA",0.13159579564,0.130578,0.129254522121306,11605,0.95,0.0927922,0.174208,NA,NA,NA,NA,NA,NA,NA
"mu[319] NA",0.259809780333333,0.2597225,0.261531107806394,15000,0.95,0.21506,0.303903,NA,NA,NA,NA,NA,NA,NA
"mu[320] NA",0.285365924733333,0.2850375,0.283989259506566,15000,0.95,0.255688,0.315128,NA,NA,NA,NA,NA,NA,NA
"mu[321] NA",0.247949135666667,0.247445,0.244928065599954,15000,0.95,0.199459,0.294751,NA,NA,NA,NA,NA,NA,NA
"mu[322] NA",0.251855570266667,0.251282,0.248095428110442,15000,0.95,0.206395,0.29817,NA,NA,NA,NA,NA,NA,NA
"mu[323] NA",0.285374766933333,0.2850535,0.284497828087708,15000,0.95,0.253136,0.316688,NA,NA,NA,NA,NA,NA,NA
"mu[324] NA",0.129331560966667,0.128454,0.126763200783978,11280.6,0.95,0.0896551,0.169757,NA,NA,NA,NA,NA,NA,NA
"mu[325] NA",0.123268692246667,0.1224505,0.121453717394516,11321.1,0.95,0.0887477,0.159476,NA,NA,NA,NA,NA,NA,NA
"mu[326] NA",0.242755398933333,0.2424845,0.24265705692756,15222,0.95,0.203413,0.281348,NA,NA,NA,NA,NA,NA,NA
"mu[327] NA",0.281574023733333,0.281374,0.282023397713932,15000,0.95,0.252476,0.311134,NA,NA,NA,NA,NA,NA,NA
"mu[328] NA",0.238117185333333,0.2377755,0.236769706386757,14622.7,0.95,0.204008,0.274412,NA,NA,NA,NA,NA,NA,NA
"mu[329] NA",0.13441448614,0.1335715,0.134184388865464,11812.1,0.95,0.0952052,0.176804,NA,NA,NA,NA,NA,NA,NA
"mu[330] NA",0.2457558694,0.245361,0.244776354664228,15000,0.95,0.205194,0.285194,NA,NA,NA,NA,NA,NA,NA
"mu[331] NA",0.257013253533333,0.2564935,0.257453786693135,14331.7,0.95,0.204133,0.309308,NA,NA,NA,NA,NA,NA,NA
"mu[332] NA",0.264033560866667,0.2635595,0.262470932397722,14307.9,0.95,0.223018,0.304273,NA,NA,NA,NA,NA,NA,NA
"mu[333] NA",0.240402576466667,0.2403165,0.24101071133309,15000,0.95,0.212991,0.270216,NA,NA,NA,NA,NA,NA,NA
"mu[334] NA",0.252036145,0.2516675,0.249458798800498,15000,0.95,0.203052,0.302358,NA,NA,NA,NA,NA,NA,NA
"mu[335] NA",0.234689900333333,0.2344205,0.235331537231248,15000,0.95,0.190734,0.278247,NA,NA,NA,NA,NA,NA,NA
"mu[336] NA",0.2395003734,0.2392285,0.239056590675466,15000,0.95,0.204321,0.274217,NA,NA,NA,NA,NA,NA,NA
"mu[337] NA",0.129593635373333,0.12875,0.126523625886166,11060.3,0.95,0.0893024,0.170871,NA,NA,NA,NA,NA,NA,NA
"mu[338] NA",0.252863205,0.25218,0.250218448461565,15000,0.95,0.203816,0.303606,NA,NA,NA,NA,NA,NA,NA
"mu[339] NA",0.13865351274,0.1379525,0.139638457987368,12027.3,0.95,0.100469,0.179436,NA,NA,NA,NA,NA,NA,NA
"mu[340] NA",0.125609205186667,0.1246075,0.120752340349077,11460.3,0.95,0.0880582,0.164476,NA,NA,NA,NA,NA,NA,NA
"mu[341] NA",0.259581837066667,0.25922,0.256466803294726,15993.8,0.95,0.217537,0.30283,NA,NA,NA,NA,NA,NA,NA
"mu[342] NA",0.249270055733333,0.248651,0.247010877345264,15000,0.95,0.198057,0.300164,NA,NA,NA,NA,NA,NA,NA
"mu[343] NA",0.249395881133333,0.24897,0.247565083830974,15000,0.95,0.213943,0.285361,NA,NA,NA,NA,NA,NA,NA
"mu[344] NA",0.245791368933333,0.2455975,0.246580535885684,15000,0.95,0.20994,0.283477,NA,NA,NA,NA,NA,NA,NA
"mu[345] NA",0.128515104606667,0.127594,0.126334930887446,11342.2,0.95,0.0886342,0.169352,NA,NA,NA,NA,NA,NA,NA
"mu[346] NA",0.2488927312,0.2484725,0.248029543590841,14499.4,0.95,0.203109,0.294774,NA,NA,NA,NA,NA,NA,NA
"mu[347] NA",0.265226955933333,0.265117,0.261489355291917,15000,0.95,0.227484,0.304776,NA,NA,NA,NA,NA,NA,NA
"mu[348] NA",0.2583771902,0.258166,0.258384460076854,15000,0.95,0.224836,0.291836,NA,NA,NA,NA,NA,NA,NA
"mu[349] NA",0.250967361933333,0.250508,0.250504208582045,15000,0.95,0.199318,0.300648,NA,NA,NA,NA,NA,NA,NA
"mu[350] NA",0.136105489273333,0.135401,0.135349788977169,13748.3,0.95,0.0983673,0.1742,NA,NA,NA,NA,NA,NA,NA
"mu[351] NA",0.14765206466,0.146838,0.146884298664999,13128.9,0.95,0.109183,0.186105,NA,NA,NA,NA,NA,NA,NA
"mu[352] NA",0.2762825204,0.276098,0.275898324124685,15000,0.95,0.24689,0.30834,NA,NA,NA,NA,NA,NA,NA
"mu[353] NA",0.128281931726667,0.127246,0.128172946018545,11276.2,0.95,0.0886477,0.169039,NA,NA,NA,NA,NA,NA,NA
"mu[354] NA",0.129673807086667,0.1284455,0.125740840205742,11671.7,0.95,0.0896343,0.170292,NA,NA,NA,NA,NA,NA,NA
"mu[355] NA",0.129572957826667,0.128662,0.127005114254221,11922.7,0.95,0.0899805,0.172264,NA,NA,NA,NA,NA,NA,NA
"mu[356] NA",0.259006143,0.258542,0.254751439028875,15000,0.95,0.223496,0.295231,NA,NA,NA,NA,NA,NA,NA
"mu[357] NA",0.251062694933333,0.2506345,0.249185203529154,15000,0.95,0.213543,0.285168,NA,NA,NA,NA,NA,NA,NA
"mu[358] NA",0.113197410506667,0.1124595,0.114303698072365,10477.3,0.95,0.0790462,0.150853,NA,NA,NA,NA,NA,NA,NA
"mu[359] NA",0.126175282073333,0.1254495,0.125980347444602,12463.6,0.95,0.0882377,0.163105,NA,NA,NA,NA,NA,NA,NA
"mu[360] NA",0.1200289699,0.1192155,0.119477603994828,11668.3,0.95,0.0855966,0.1579,NA,NA,NA,NA,NA,NA,NA
"mu[361] NA",0.241538054733333,0.2412955,0.238715001552605,14584.6,0.95,0.215073,0.269265,NA,NA,NA,NA,NA,NA,NA
"mu[362] NA",0.128252656706667,0.1274915,0.121904800721694,12067.4,0.95,0.0892949,0.170102,NA,NA,NA,NA,NA,NA,NA
"mu[363] NA",0.266591910866667,0.266457,0.26792073893961,15000,0.95,0.237595,0.298305,NA,NA,NA,NA,NA,NA,NA
"mu[364] NA",0.13352030874,0.1327555,0.132187209119635,12096.8,0.95,0.0967776,0.171521,NA,NA,NA,NA,NA,NA,NA
"mu[365] NA",0.231519329533333,0.2310115,0.230320191107197,14051.8,0.95,0.185779,0.280135,NA,NA,NA,NA,NA,NA,NA
"mu[366] NA",0.242366593333333,0.241944,0.238993786231324,15000,0.95,0.204997,0.279196,NA,NA,NA,NA,NA,NA,NA
"mu[367] NA",0.127618446046667,0.1265895,0.123474468202091,11205.2,0.95,0.0879043,0.168755,NA,NA,NA,NA,NA,NA,NA
"mu[368] NA",0.265026252866667,0.2647875,0.264003645633783,14087.3,0.95,0.23504,0.295296,NA,NA,NA,NA,NA,NA,NA
"mu[369] NA",0.14234029552,0.141566,0.139370139346041,12760.7,0.95,0.102399,0.184271,NA,NA,NA,NA,NA,NA,NA
"mu[370] NA",0.129393273086667,0.1285565,0.125720121357271,11447.1,0.95,0.088224,0.169396,NA,NA,NA,NA,NA,NA,NA
"mu[371] NA",0.229623452866667,0.229128,0.226690533005836,15000,0.95,0.186396,0.270236,NA,NA,NA,NA,NA,NA,NA
"mu[372] NA",0.2776208328,0.277547,0.27752801729071,15000,0.95,0.24867,0.307382,NA,NA,NA,NA,NA,NA,NA
"mu[373] NA",0.2571902058,0.2568765,0.2590558859994,15000,0.95,0.214276,0.299669,NA,NA,NA,NA,NA,NA,NA
"mu[374] NA",0.127909516533333,0.126991,0.126884716017651,10888.8,0.95,0.0903639,0.168375,NA,NA,NA,NA,NA,NA,NA
"mu[375] NA",0.259342557666667,0.259398,0.260535349223211,14620.5,0.95,0.224339,0.293882,NA,NA,NA,NA,NA,NA,NA
"mu[376] NA",0.129688677813333,0.1290015,0.126324873206054,11405.9,0.95,0.092264,0.172256,NA,NA,NA,NA,NA,NA,NA
"mu[377] NA",0.2462506512,0.2460775,0.246649327916657,15000,0.95,0.210555,0.285541,NA,NA,NA,NA,NA,NA,NA
"mu[378] NA",0.128855454893333,0.1281605,0.128475021159274,11259.3,0.95,0.0904866,0.17117,NA,NA,NA,NA,NA,NA,NA
"mu[379] NA",0.129564303226667,0.128668,0.126556556450867,13339.1,0.95,0.089897,0.170344,NA,NA,NA,NA,NA,NA,NA
"mu[380] NA",0.258921292066667,0.2584525,0.259179483977578,15000,0.95,0.20782,0.308479,NA,NA,NA,NA,NA,NA,NA
"mu[381] NA",0.132986771446667,0.132006,0.130476818839244,11355.4,0.95,0.0936519,0.17636,NA,NA,NA,NA,NA,NA,NA
"mu[382] NA",0.132108909113333,0.1312805,0.134221745679504,11255.2,0.95,0.0926152,0.173421,NA,NA,NA,NA,NA,NA,NA
"mu[383] NA",0.234348569333333,0.2338495,0.231023837962397,15182.8,0.95,0.192533,0.274416,NA,NA,NA,NA,NA,NA,NA
"mu[384] NA",0.128074424786667,0.127223,0.125952512485433,10755.1,0.95,0.0897637,0.169346,NA,NA,NA,NA,NA,NA,NA
"mu[385] NA",0.256832057066667,0.256187,0.258327442004925,15000,0.95,0.206323,0.310888,NA,NA,NA,NA,NA,NA,NA
"mu[386] NA",0.231869019333333,0.231213,0.227870903939,15000,0.95,0.191942,0.269842,NA,NA,NA,NA,NA,NA,NA
"mu[387] NA",0.129415268706667,0.1284375,0.126867845806896,11513.8,0.95,0.0894619,0.170319,NA,NA,NA,NA,NA,NA,NA
"mu[388] NA",0.251950509333333,0.251404,0.250844465613109,15000,0.95,0.211488,0.291275,NA,NA,NA,NA,NA,NA,NA
"mu[389] NA",0.255307129133333,0.2551325,0.256735300870682,15000,0.95,0.216651,0.293675,NA,NA,NA,NA,NA,NA,NA
"mu[390] NA",0.23010629,0.229286,0.223979611547914,15836.3,0.95,0.180278,0.278182,NA,NA,NA,NA,NA,NA,NA
"mu[391] NA",0.234438282066667,0.2340535,0.233066238925546,15000,0.95,0.190064,0.279203,NA,NA,NA,NA,NA,NA,NA
"mu[392] NA",0.2662120928,0.265941,0.263290685508496,15379.9,0.95,0.235616,0.294826,NA,NA,NA,NA,NA,NA,NA
"mu[393] NA",0.234997811466667,0.2344585,0.234030475812017,15000,0.95,0.19075,0.282312,NA,NA,NA,NA,NA,NA,NA
"mu[394] NA",0.286105307266667,0.285934,0.284416070582112,15000,0.95,0.255844,0.314934,NA,NA,NA,NA,NA,NA,NA
"mu[395] NA",0.233639014,0.2332835,0.234594619155695,13323.1,0.95,0.186044,0.281195,NA,NA,NA,NA,NA,NA,NA
"mu[396] NA",0.252305705533333,0.252127,0.258489241273358,15000,0.95,0.202,0.303587,NA,NA,NA,NA,NA,NA,NA
"mu[397] NA",0.129567650366667,0.1285425,0.126852133014385,11241.6,0.95,0.0887216,0.169592,NA,NA,NA,NA,NA,NA,NA
"mu[398] NA",0.2354200576,0.2352385,0.237619763515414,15000,0.95,0.192727,0.276209,NA,NA,NA,NA,NA,NA,NA
"mu[399] NA",0.131038874073333,0.130174,0.131459365914499,10974.6,0.95,0.0918895,0.17277,NA,NA,NA,NA,NA,NA,NA
"mu[400] NA",0.251110701666667,0.2504125,0.247798305443408,15000,0.95,0.200753,0.304055,NA,NA,NA,NA,NA,NA,NA
"mu[401] NA",0.242070358333333,0.2412385,0.23740455470448,15110.6,0.95,0.193622,0.293441,NA,NA,NA,NA,NA,NA,NA
"mu[402] NA",0.129298379426667,0.128504,0.128864357640449,11693.8,0.95,0.0907504,0.172089,NA,NA,NA,NA,NA,NA,NA
"mu[403] NA",0.281915621466667,0.2816225,0.280912383157368,15000,0.95,0.251074,0.311141,NA,NA,NA,NA,NA,NA,NA
"mu[404] NA",0.258961235266667,0.25825,0.25608025410722,15000,0.95,0.212225,0.305998,NA,NA,NA,NA,NA,NA,NA
"mu[405] NA",0.239400173866667,0.239195,0.240877630043685,15000,0.95,0.211247,0.27019,NA,NA,NA,NA,NA,NA,NA
"mu[406] NA",0.237179318066667,0.2369685,0.237533502256139,15000,0.95,0.200903,0.274472,NA,NA,NA,NA,NA,NA,NA
"mu[407] NA",0.131111143706667,0.1303545,0.127357553611719,11415,0.95,0.0930429,0.172376,NA,NA,NA,NA,NA,NA,NA
"mu[408] NA",0.228066497133333,0.227797,0.228122924387065,15000,0.95,0.191501,0.263255,NA,NA,NA,NA,NA,NA,NA
"mu[409] NA",0.14480575834,0.1439995,0.14537286145976,13174.6,0.95,0.108082,0.183982,NA,NA,NA,NA,NA,NA,NA
"mu[410] NA",0.2402610662,0.2398495,0.240699552092925,15000,0.95,0.196434,0.286807,NA,NA,NA,NA,NA,NA,NA
"mu[411] NA",0.129442226346667,0.128548,0.127566623725854,10404.8,0.95,0.089254,0.170219,NA,NA,NA,NA,NA,NA,NA
"mu[412] NA",0.248939472933333,0.248281,0.246496638247266,15000,0.95,0.198099,0.297694,NA,NA,NA,NA,NA,NA,NA
"mu[413] NA",0.129075396066667,0.128321,0.128446353778221,11252.7,0.95,0.0887475,0.170322,NA,NA,NA,NA,NA,NA,NA
"mu[414] NA",0.13137239818,0.1306995,0.131562732427627,11264.6,0.95,0.0926291,0.172412,NA,NA,NA,NA,NA,NA,NA
"mu[415] NA",0.2052779014,0.205043,0.201651381400275,14013.4,0.95,0.168156,0.24292,NA,NA,NA,NA,NA,NA,NA
"mu[416] NA",0.128854574613333,0.1280165,0.127934459355111,11339.7,0.95,0.0897602,0.171048,NA,NA,NA,NA,NA,NA,NA
"mu[417] NA",0.294791085466667,0.2945005,0.292832068173878,15000,0.95,0.262688,0.326189,NA,NA,NA,NA,NA,NA,NA
"mu[418] NA",0.128796769606667,0.127773,0.125335467575007,11233.7,0.95,0.0868051,0.16854,NA,NA,NA,NA,NA,NA,NA
"mu[419] NA",0.240531644466667,0.240122,0.240441894796669,15080.3,0.95,0.201328,0.277131,NA,NA,NA,NA,NA,NA,NA
"mu[420] NA",0.2445524132,0.244343,0.245608183592144,15000,0.95,0.210832,0.277234,NA,NA,NA,NA,NA,NA,NA
"mu[421] NA",0.223357108733333,0.22291,0.223350299971724,15000,0.95,0.178355,0.26937,NA,NA,NA,NA,NA,NA,NA
"mu[422] NA",0.2664681174,0.2662795,0.266576977514357,14411.7,0.95,0.237645,0.297518,NA,NA,NA,NA,NA,NA,NA
"mu[423] NA",0.2372288142,0.2370545,0.236924262746133,15000,0.95,0.20159,0.27099,NA,NA,NA,NA,NA,NA,NA
"mu[424] NA",0.254925186533333,0.2546245,0.253109944170135,13649.4,0.95,0.212952,0.296731,NA,NA,NA,NA,NA,NA,NA
"mu[425] NA",0.246600449333333,0.246352,0.247230017867138,14270.8,0.95,0.206363,0.287319,NA,NA,NA,NA,NA,NA,NA
"mu[426] NA",0.257594474266667,0.2573035,0.257377084420448,15000,0.95,0.221471,0.294042,NA,NA,NA,NA,NA,NA,NA
"mu[427] NA",0.2863015596,0.286,0.285603040812105,15973.4,0.95,0.256335,0.319139,NA,NA,NA,NA,NA,NA,NA
"mu[428] NA",0.233663565066667,0.2330855,0.231092378409976,14546.6,0.95,0.189947,0.275098,NA,NA,NA,NA,NA,NA,NA
"mu[429] NA",0.146823489306667,0.1461855,0.144043438044119,12915.3,0.95,0.108501,0.186115,NA,NA,NA,NA,NA,NA,NA
"mu[430] NA",0.2430511144,0.2426245,0.241480244163372,15000,0.95,0.193505,0.29411,NA,NA,NA,NA,NA,NA,NA
"mu[431] NA",0.251113365266667,0.250334,0.24841435787321,15000,0.95,0.20081,0.299882,NA,NA,NA,NA,NA,NA,NA
"mu[432] NA",0.225189960666667,0.2250285,0.225838539400871,14507.8,0.95,0.18541,0.264968,NA,NA,NA,NA,NA,NA,NA
"mu[433] NA",0.259511849333333,0.259208,0.260963975275011,13130.3,0.95,0.223482,0.295782,NA,NA,NA,NA,NA,NA,NA
"mu[434] NA",0.287268027666667,0.287088,0.286174348488457,15000,0.95,0.255136,0.321006,NA,NA,NA,NA,NA,NA,NA
"mu[435] NA",0.129347024186667,0.128482,0.128207585306238,11713.7,0.95,0.090519,0.171571,NA,NA,NA,NA,NA,NA,NA
"mu[436] NA",0.248101496266667,0.247999,0.248758645399802,15000,0.95,0.21724,0.277315,NA,NA,NA,NA,NA,NA,NA
"mu[437] NA",0.297072374133333,0.2969395,0.296963245850448,15000,0.95,0.268454,0.327129,NA,NA,NA,NA,NA,NA,NA
"mu[438] NA",0.127116939666667,0.1262215,0.125694980915918,11725.1,0.95,0.0872787,0.167887,NA,NA,NA,NA,NA,NA,NA
"mu[439] NA",0.272846494733333,0.2725015,0.270794837425715,15000,0.95,0.241789,0.305092,NA,NA,NA,NA,NA,NA,NA
"mu[440] NA",0.262082937,0.2615935,0.26447019077532,14491.3,0.95,0.213064,0.313022,NA,NA,NA,NA,NA,NA,NA
"mu[441] NA",0.245866789666667,0.2456595,0.24543143139195,15000,0.95,0.211046,0.28196,NA,NA,NA,NA,NA,NA,NA
"mu[442] NA",0.124252030666667,0.1233415,0.119047798613673,11517.8,0.95,0.0876805,0.160667,NA,NA,NA,NA,NA,NA,NA
"mu[443] NA",0.2337092936,0.2334935,0.234112800396927,15000,0.95,0.204587,0.263754,NA,NA,NA,NA,NA,NA,NA
"mu[444] NA",0.2425647702,0.2418855,0.241111989814744,15000,0.95,0.198684,0.288203,NA,NA,NA,NA,NA,NA,NA
"mu[445] NA",0.270683868,0.270367,0.271714216353859,15000,0.95,0.234513,0.30836,NA,NA,NA,NA,NA,NA,NA
"mu[446] NA",0.2433316836,0.2427005,0.239396832551939,15000,0.95,0.197844,0.292039,NA,NA,NA,NA,NA,NA,NA
"mu[447] NA",0.2786118152,0.2783915,0.277672913368813,15000,0.95,0.249506,0.307242,NA,NA,NA,NA,NA,NA,NA
"mu[448] NA",0.2268259624,0.226579,0.227194819437797,15000,0.95,0.190838,0.263341,NA,NA,NA,NA,NA,NA,NA
"mu[449] NA",0.2750578162,0.274771,0.272388911607933,15000,0.95,0.240669,0.30904,NA,NA,NA,NA,NA,NA,NA
"mu[450] NA",0.266712445933333,0.2664835,0.265902058522391,14647.8,0.95,0.236144,0.29902,NA,NA,NA,NA,NA,NA,NA
"mu[451] NA",0.248357169533333,0.2480045,0.245301853171199,15000,0.95,0.214597,0.280797,NA,NA,NA,NA,NA,NA,NA
"mu[452] NA",0.127300424933333,0.1263825,0.124425787360492,12390.6,0.95,0.0866722,0.166017,NA,NA,NA,NA,NA,NA,NA
"mu[453] NA",0.247861569266667,0.2474665,0.250915630758571,15000,0.95,0.205228,0.289389,NA,NA,NA,NA,NA,NA,NA
"mu[454] NA",0.251557189666667,0.251009,0.249311871165985,14435,0.95,0.205921,0.295677,NA,NA,NA,NA,NA,NA,NA
"mu[455] NA",0.127844412006667,0.1269635,0.124941718093554,11536,0.95,0.0902771,0.166609,NA,NA,NA,NA,NA,NA,NA
"mu[456] NA",0.2338644418,0.2332885,0.230912748029271,15000,0.95,0.190615,0.277786,NA,NA,NA,NA,NA,NA,NA
"mu[457] NA",0.249363032266667,0.2489275,0.245552782685834,15000,0.95,0.209082,0.29146,NA,NA,NA,NA,NA,NA,NA
"mu[458] NA",0.132423671973333,0.1317015,0.131747001506775,11685.7,0.95,0.0934641,0.174932,NA,NA,NA,NA,NA,NA,NA
"mu[459] NA",0.238008508066667,0.2376715,0.236546467782931,15000,0.95,0.192948,0.279308,NA,NA,NA,NA,NA,NA,NA
"mu[460] NA",0.132413349293333,0.13156,0.13014908028371,13120.4,0.95,0.0944099,0.171941,NA,NA,NA,NA,NA,NA,NA
"mu[461] NA",0.2849973044,0.284812,0.284945899435801,15000,0.95,0.251386,0.319646,NA,NA,NA,NA,NA,NA,NA
"mu[462] NA",0.275009831,0.274963,0.276672128534431,15000,0.95,0.244657,0.305239,NA,NA,NA,NA,NA,NA,NA
"mu[463] NA",0.131123308486667,0.130161,0.12872851722498,12179.6,0.95,0.0934205,0.170509,NA,NA,NA,NA,NA,NA,NA
"mu[464] NA",0.2598506888,0.259216,0.255149062962312,15000,0.95,0.217184,0.300338,NA,NA,NA,NA,NA,NA,NA
"mu[465] NA",0.121720293153333,0.1208075,0.116340308030887,11346.3,0.95,0.0865331,0.159544,NA,NA,NA,NA,NA,NA,NA
"mu[466] NA",0.297106964933333,0.296844,0.29482837425108,15000,0.95,0.262387,0.332665,NA,NA,NA,NA,NA,NA,NA
"mu[467] NA",0.14290644514,0.1421005,0.140564969689444,12078.6,0.95,0.105642,0.182695,NA,NA,NA,NA,NA,NA,NA
"mu[468] NA",0.12777449622,0.127037,0.125312064195574,11975.4,0.95,0.089802,0.166196,NA,NA,NA,NA,NA,NA,NA
"mu[469] NA",0.2547600388,0.254608,0.254705510522335,15000,0.95,0.22741,0.28286,NA,NA,NA,NA,NA,NA,NA
"mu[470] NA",0.2551556338,0.2550855,0.256720323582359,15000,0.95,0.225831,0.284279,NA,NA,NA,NA,NA,NA,NA
"mu[471] NA",0.129655500586667,0.1289,0.129435870421653,10639.9,0.95,0.0904667,0.171519,NA,NA,NA,NA,NA,NA,NA
"mu[472] NA",0.253172826533333,0.2525695,0.24872933610818,16092.2,0.95,0.20636,0.302826,NA,NA,NA,NA,NA,NA,NA
"mu[473] NA",0.2830244552,0.2827695,0.282761273143917,15000,0.95,0.251946,0.314737,NA,NA,NA,NA,NA,NA,NA
"mu[474] NA",0.12946808434,0.128777,0.130082372089573,11477.7,0.95,0.0896708,0.170692,NA,NA,NA,NA,NA,NA,NA
"mu[475] NA",0.238271431333333,0.238138,0.236834870419464,14935.1,0.95,0.207964,0.269236,NA,NA,NA,NA,NA,NA,NA
"mu[476] NA",0.254510188266667,0.254085,0.252643834634693,15000,0.95,0.213579,0.296546,NA,NA,NA,NA,NA,NA,NA
"mu[477] NA",0.229753086333333,0.22942,0.226092515616536,15000,0.95,0.192402,0.270989,NA,NA,NA,NA,NA,NA,NA
"mu[478] NA",0.2671707796,0.266637,0.266307753365283,15000,0.95,0.218702,0.313373,NA,NA,NA,NA,NA,NA,NA
"mu[479] NA",0.244274356066667,0.243907,0.24613082301635,15000,0.95,0.203949,0.287946,NA,NA,NA,NA,NA,NA,NA
"mu[480] NA",0.252557043333333,0.252316,0.251743990933493,15000,0.95,0.222962,0.283611,NA,NA,NA,NA,NA,NA,NA
"mu[481] NA",0.128819627053333,0.12802,0.123213556845442,11065.2,0.95,0.0893727,0.169965,NA,NA,NA,NA,NA,NA,NA
"mu[482] NA",0.12920687854,0.1282985,0.129035663299135,10791.4,0.95,0.090921,0.170748,NA,NA,NA,NA,NA,NA,NA
"mu[483] NA",0.256637807133333,0.256235,0.254882156261746,15000,0.95,0.222757,0.292091,NA,NA,NA,NA,NA,NA,NA
"mu[484] NA",0.258353671466667,0.257965,0.258504527780764,15000,0.95,0.209896,0.30803,NA,NA,NA,NA,NA,NA,NA
"mu[485] NA",0.2572934488,0.256866,0.255657399846315,15305.1,0.95,0.2161,0.298543,NA,NA,NA,NA,NA,NA,NA
"mu[486] NA",0.236028290266667,0.23554,0.236585568653365,15000,0.95,0.187697,0.285998,NA,NA,NA,NA,NA,NA,NA
"mu[487] NA",0.251698009866667,0.251179,0.250221005764552,14219.3,0.95,0.197819,0.301731,NA,NA,NA,NA,NA,NA,NA
"mu[488] NA",0.129548753553333,0.1285315,0.124747698034361,10986.6,0.95,0.0902637,0.170335,NA,NA,NA,NA,NA,NA,NA
"mu[489] NA",0.252132411466667,0.251571,0.246904057343121,15000,0.95,0.205717,0.300451,NA,NA,NA,NA,NA,NA,NA
"mu[490] NA",0.2656620396,0.265536,0.263535096490983,15000,0.95,0.236138,0.295806,NA,NA,NA,NA,NA,NA,NA
"mu[491] NA",0.140313967506667,0.1395565,0.139163350588073,12502.8,0.95,0.102644,0.177902,NA,NA,NA,NA,NA,NA,NA
"mu[492] NA",0.211317468866667,0.2110065,0.210484975477476,14425.4,0.95,0.171622,0.250589,NA,NA,NA,NA,NA,NA,NA
"mu[493] NA",0.2681010726,0.267861,0.268447087982671,15000,0.95,0.236958,0.300117,NA,NA,NA,NA,NA,NA,NA
"mu[494] NA",0.159864380193333,0.159084,0.154825058717518,12822.7,0.95,0.119394,0.200009,NA,NA,NA,NA,NA,NA,NA
"mu[495] NA",0.1282343075,0.127476,0.127064331027681,11419.5,0.95,0.0913372,0.169957,NA,NA,NA,NA,NA,NA,NA
"mu[496] NA",0.129604870386667,0.128649,0.123321867949735,11648.6,0.95,0.0911111,0.171229,NA,NA,NA,NA,NA,NA,NA
"mu[497] NA",0.260388384466667,0.2600615,0.260272785563309,15489.3,0.95,0.230358,0.290428,NA,NA,NA,NA,NA,NA,NA
"mu[498] NA",0.134792599906667,0.133819,0.131781949440897,13109.4,0.95,0.0974291,0.171676,NA,NA,NA,NA,NA,NA,NA
"mu[499] NA",0.271799267533333,0.27146,0.270139053396837,15000,0.95,0.231631,0.309827,NA,NA,NA,NA,NA,NA,NA
"mu[500] NA",0.244132645,0.2434285,0.242195707638181,15000,0.95,0.197234,0.295361,NA,NA,NA,NA,NA,NA,NA
"mu[501] NA",0.129548918246667,0.128536,0.124682490853257,11206.5,0.95,0.089736,0.170669,NA,NA,NA,NA,NA,NA,NA
"mu[502] NA",0.240184792533333,0.2397685,0.241978765346701,14567.5,0.95,0.18934,0.29055,NA,NA,NA,NA,NA,NA,NA
"mu[503] NA",0.127439226033333,0.126804,0.127537455348766,11114.3,0.95,0.087917,0.167277,NA,NA,NA,NA,NA,NA,NA
"mu[504] NA",0.135221417793333,0.1340945,0.132149737578367,12037.8,0.95,0.09646,0.178149,NA,NA,NA,NA,NA,NA,NA
"mu[505] NA",0.245228509733333,0.2444985,0.241502481412242,14556.4,0.95,0.194963,0.294249,NA,NA,NA,NA,NA,NA,NA
"mu[506] NA",0.2482648688,0.247812,0.246686069298196,14298.6,0.95,0.205281,0.291838,NA,NA,NA,NA,NA,NA,NA
"mu[507] NA",0.229649782666667,0.229176,0.227933879517253,15000,0.95,0.191082,0.269018,NA,NA,NA,NA,NA,NA,NA
"mu[508] NA",0.126591432353333,0.125622,0.121291049243521,12162.1,0.95,0.0877723,0.166835,NA,NA,NA,NA,NA,NA,NA
"mu[509] NA",0.258995124733333,0.258485,0.259898660128805,15638.4,0.95,0.207897,0.310305,NA,NA,NA,NA,NA,NA,NA
"mu[510] NA",0.123965156946667,0.12312,0.119688255784582,11817.4,0.95,0.0877822,0.162145,NA,NA,NA,NA,NA,NA,NA
"mu[511] NA",0.13222421412,0.131551,0.132700938470631,12630.5,0.95,0.0910988,0.171658,NA,NA,NA,NA,NA,NA,NA
"mu[512] NA",0.254743059666667,0.254533,0.253889583059499,15000,0.95,0.219737,0.289621,NA,NA,NA,NA,NA,NA,NA
"mu[513] NA",0.128556087626667,0.1276145,0.125062666824069,10403.3,0.95,0.0897772,0.17083,NA,NA,NA,NA,NA,NA,NA
"mu[514] NA",0.234122484333333,0.233746,0.232464861500827,15000,0.95,0.195482,0.274539,NA,NA,NA,NA,NA,NA,NA
"mu[515] NA",0.128401151073333,0.1274675,0.12776597606282,12427.6,0.95,0.0889773,0.169063,NA,NA,NA,NA,NA,NA,NA
"mu[516] NA",0.12320518162,0.122476,0.117354896500513,12243.6,0.95,0.0881524,0.159055,NA,NA,NA,NA,NA,NA,NA
"mu[517] NA",0.263984058333333,0.263597,0.263207981794925,15609.5,0.95,0.23024,0.297774,NA,NA,NA,NA,NA,NA,NA
"mu[518] NA",0.250920525066667,0.2506115,0.250123703575701,15000,0.95,0.219344,0.283533,NA,NA,NA,NA,NA,NA,NA
"mu[519] NA",0.273649439666667,0.273473,0.273981922073914,15000,0.95,0.234345,0.3092,NA,NA,NA,NA,NA,NA,NA
"mu[520] NA",0.252982156066667,0.2523665,0.250461495972885,15000,0.95,0.216273,0.293166,NA,NA,NA,NA,NA,NA,NA
"mu[521] NA",0.2553603996,0.2546985,0.247889082926563,15241,0.95,0.207827,0.302365,NA,NA,NA,NA,NA,NA,NA
"mu[522] NA",0.1294673956,0.128388,0.124297645628846,12921.6,0.95,0.0905063,0.171276,NA,NA,NA,NA,NA,NA,NA
"mu[523] NA",0.129304489793333,0.128495,0.126138338513622,11371.8,0.95,0.0896455,0.169813,NA,NA,NA,NA,NA,NA,NA
"mu[524] NA",0.135380046493333,0.1346625,0.131398057299108,11471,0.95,0.0942895,0.176749,NA,NA,NA,NA,NA,NA,NA
"mu[525] NA",0.246463381666667,0.2462805,0.246174206474957,15000,0.95,0.21066,0.278841,NA,NA,NA,NA,NA,NA,NA
"mu[526] NA",0.283374259266667,0.2830685,0.285175204670094,15000,0.95,0.247902,0.320773,NA,NA,NA,NA,NA,NA,NA
"mu[527] NA",0.265920722,0.2655245,0.265655513423566,14569.5,0.95,0.234221,0.298922,NA,NA,NA,NA,NA,NA,NA
"mu[528] NA",0.124621469766667,0.1237255,0.117286759997218,11488.8,0.95,0.0863592,0.164735,NA,NA,NA,NA,NA,NA,NA
"mu[529] NA",0.248891001533333,0.2483605,0.248503002187565,14637.1,0.95,0.202187,0.297757,NA,NA,NA,NA,NA,NA,NA
"mu[530] NA",0.247932803666667,0.247381,0.244068342270511,15743.4,0.95,0.198074,0.29777,NA,NA,NA,NA,NA,NA,NA
"mu[531] NA",0.133437914053333,0.132633,0.130088238300369,12032.5,0.95,0.0970252,0.173591,NA,NA,NA,NA,NA,NA,NA
"mu[532] NA",0.11894821934,0.1181895,0.117552810170728,10073.4,0.95,0.0843231,0.156232,NA,NA,NA,NA,NA,NA,NA
"mu[533] NA",0.260085562933333,0.259708,0.257301255641641,15000,0.95,0.219499,0.299347,NA,NA,NA,NA,NA,NA,NA
"mu[534] NA",0.1176282419,0.1169855,0.11663452269321,11625,0.95,0.0816298,0.152547,NA,NA,NA,NA,NA,NA,NA
"mu[535] NA",0.250521524733333,0.249884,0.250697690917664,15000,0.95,0.198364,0.303625,NA,NA,NA,NA,NA,NA,NA
"mu[536] NA",0.242725273466667,0.2420245,0.239330630263071,15000,0.95,0.19764,0.290287,NA,NA,NA,NA,NA,NA,NA
"mu[537] NA",0.12877639192,0.1277375,0.124985560453794,11417.9,0.95,0.0884531,0.169534,NA,NA,NA,NA,NA,NA,NA
"mu[538] NA",0.2337464772,0.23334,0.235547296581061,13941.7,0.95,0.185156,0.284501,NA,NA,NA,NA,NA,NA,NA
"mu[539] NA",0.252842609533333,0.2524645,0.25016438173681,15000,0.95,0.214915,0.290611,NA,NA,NA,NA,NA,NA,NA
"mu[540] NA",0.127201259233333,0.1265265,0.128896294698317,13138.2,0.95,0.0886389,0.164901,NA,NA,NA,NA,NA,NA,NA
"mu[541] NA",0.2825888584,0.2823585,0.280636775111365,15443.2,0.95,0.247323,0.314819,NA,NA,NA,NA,NA,NA,NA
"mu[542] NA",0.14551519812,0.144891,0.145403158657695,12382.4,0.95,0.10489,0.186086,NA,NA,NA,NA,NA,NA,NA
"mu[543] NA",0.234832511066667,0.23447,0.234687989088668,15000,0.95,0.197287,0.275083,NA,NA,NA,NA,NA,NA,NA
"mu[544] NA",0.129420419306667,0.12831,0.124175725081423,10024,0.95,0.0892407,0.171094,NA,NA,NA,NA,NA,NA,NA
"mu[545] NA",0.2539899508,0.253642,0.25442885688401,14104.9,0.95,0.214684,0.295566,NA,NA,NA,NA,NA,NA,NA
"mu[546] NA",0.246882174866667,0.246324,0.245460327088639,14471.3,0.95,0.198119,0.293943,NA,NA,NA,NA,NA,NA,NA
"mu[547] NA",0.222937114066667,0.2227195,0.220137850185312,15000,0.95,0.191355,0.25344,NA,NA,NA,NA,NA,NA,NA
"mu[548] NA",0.128546781466667,0.127554,0.126278858818558,11939.9,0.95,0.0891435,0.170543,NA,NA,NA,NA,NA,NA,NA
"mu[549] NA",0.247994508666667,0.247753,0.249720024804163,15000,0.95,0.204538,0.290457,NA,NA,NA,NA,NA,NA,NA
"mu[550] NA",0.245297288133333,0.245147,0.243946188886316,15000,0.95,0.212148,0.279015,NA,NA,NA,NA,NA,NA,NA
"mu[551] NA",0.233588198933333,0.233163,0.234569472194495,14478.1,0.95,0.183779,0.281475,NA,NA,NA,NA,NA,NA,NA
"mu[552] NA",0.2282283912,0.2279545,0.227136019044844,14478.8,0.95,0.18479,0.270298,NA,NA,NA,NA,NA,NA,NA
"mu[553] NA",0.129035705493333,0.128064,0.126596872390927,12139.2,0.95,0.0887263,0.169316,NA,NA,NA,NA,NA,NA,NA
"mu[554] NA",0.2565061606,0.256014,0.253358732587829,15000,0.95,0.215925,0.298416,NA,NA,NA,NA,NA,NA,NA
"mu[555] NA",0.236716220133333,0.236361,0.232501108761316,15000,0.95,0.200365,0.275652,NA,NA,NA,NA,NA,NA,NA
"mu[556] NA",0.230938065866667,0.2307685,0.228256622126253,15000,0.95,0.193395,0.269271,NA,NA,NA,NA,NA,NA,NA
"mu[557] NA",0.225155628933333,0.224778,0.223467553645002,15000,0.95,0.18111,0.268745,NA,NA,NA,NA,NA,NA,NA
"mu[558] NA",0.129152408026667,0.1281345,0.12620940730153,12730.8,0.95,0.0879553,0.169097,NA,NA,NA,NA,NA,NA,NA
"mu[559] NA",0.129473423133333,0.128451,0.127339528765151,10624,0.95,0.0890839,0.16923,NA,NA,NA,NA,NA,NA,NA
"mu[560] NA",0.247838527266667,0.247528,0.250549835850764,15000,0.95,0.195248,0.298422,NA,NA,NA,NA,NA,NA,NA
"mu[561] NA",0.131648419653333,0.1307705,0.127150430638778,12367.2,0.95,0.0903279,0.172195,NA,NA,NA,NA,NA,NA,NA
"mu[562] NA",0.292971143733333,0.2927275,0.291695099718242,15000,0.95,0.261669,0.324235,NA,NA,NA,NA,NA,NA,NA
"mu[563] NA",0.2428085146,0.2425885,0.241820475238606,15000,0.95,0.208297,0.277701,NA,NA,NA,NA,NA,NA,NA
"mu[564] NA",0.247805919,0.2475695,0.246984852791519,14759.1,0.95,0.216211,0.279709,NA,NA,NA,NA,NA,NA,NA
"mu[565] NA",0.248322454,0.2479525,0.246872373952619,15000,0.95,0.218661,0.280161,NA,NA,NA,NA,NA,NA,NA
"mu[566] NA",0.249462250666667,0.248815,0.247343935793812,15450.5,0.95,0.203731,0.296965,NA,NA,NA,NA,NA,NA,NA
"mu[567] NA",0.135009142586667,0.134157,0.130842275098337,11666,0.95,0.0952662,0.177202,NA,NA,NA,NA,NA,NA,NA
"mu[568] NA",0.2476972842,0.247224,0.243172681190151,15000,0.95,0.202424,0.294297,NA,NA,NA,NA,NA,NA,NA
"mu[569] NA",0.234440380066667,0.234181,0.233388945735214,15000,0.95,0.202837,0.265078,NA,NA,NA,NA,NA,NA,NA
"mu[570] NA",0.129477504073333,0.128724,0.122884873901375,11752.8,0.95,0.0889342,0.17026,NA,NA,NA,NA,NA,NA,NA
"mu[571] NA",0.128838484413333,0.1278915,0.127808646561482,10295.8,0.95,0.090128,0.170255,NA,NA,NA,NA,NA,NA,NA
"mu[572] NA",0.238303688066667,0.23794,0.235932560803268,15520.8,0.95,0.192347,0.285636,NA,NA,NA,NA,NA,NA,NA
"mu[573] NA",0.305653393333333,0.3054855,0.302134589003852,15000,0.95,0.2759,0.337061,NA,NA,NA,NA,NA,NA,NA
"mu[574] NA",0.2402111046,0.239644,0.238502016908313,15000,0.95,0.196604,0.285163,NA,NA,NA,NA,NA,NA,NA
"mu[575] NA",0.13200021172,0.131085,0.126577456457555,12140.6,0.95,0.0960301,0.170941,NA,NA,NA,NA,NA,NA,NA
"mu[576] NA",0.249164189533333,0.2487305,0.248141809397716,15000,0.95,0.209622,0.28835,NA,NA,NA,NA,NA,NA,NA
"mu[577] NA",0.2341601964,0.2339295,0.232459261373369,15000,0.95,0.200646,0.268831,NA,NA,NA,NA,NA,NA,NA
"mu[578] NA",0.127952527193333,0.1269755,0.126083365245437,11937.5,0.95,0.0903946,0.171366,NA,NA,NA,NA,NA,NA,NA
"mu[579] NA",0.237809228666667,0.2375935,0.236290609073553,15000,0.95,0.200478,0.27323,NA,NA,NA,NA,NA,NA,NA
"mu[580] NA",0.246307597533333,0.2459365,0.249459644279986,15000,0.95,0.210461,0.284075,NA,NA,NA,NA,NA,NA,NA
"mu[581] NA",0.12763699952,0.1267795,0.124684240622883,11455.8,0.95,0.0869391,0.167046,NA,NA,NA,NA,NA,NA,NA
"mu[582] NA",0.12892361288,0.1281815,0.126997815418253,11767.1,0.95,0.0912287,0.168608,NA,NA,NA,NA,NA,NA,NA
"mu[583] NA",0.128591622713333,0.1278565,0.126465545226251,10939.1,0.95,0.0900561,0.169962,NA,NA,NA,NA,NA,NA,NA
"mu[584] NA",0.12886538856,0.1278355,0.126172228599725,10804.1,0.95,0.0902019,0.171996,NA,NA,NA,NA,NA,NA,NA
"mu[585] NA",0.2420215858,0.241677,0.242687501251662,15000,0.95,0.196035,0.288242,NA,NA,NA,NA,NA,NA,NA
"mu[586] NA",0.2606707686,0.2603215,0.262040456606213,15000,0.95,0.207062,0.312638,NA,NA,NA,NA,NA,NA,NA
"mu[587] NA",0.230543193333333,0.230002,0.22826559489401,15000,0.95,0.193163,0.272501,NA,NA,NA,NA,NA,NA,NA
"mu[588] NA",0.273559794133333,0.273376,0.273847469150052,14596.8,0.95,0.236301,0.312193,NA,NA,NA,NA,NA,NA,NA
"mu[589] NA",0.129358961413333,0.128703,0.124807526963536,13049.5,0.95,0.0897221,0.171581,NA,NA,NA,NA,NA,NA,NA
"mu[590] NA",0.128402693813333,0.1274705,0.124291664883406,12072.4,0.95,0.0907816,0.170579,NA,NA,NA,NA,NA,NA,NA
"mu[591] NA",0.1376299656,0.1366905,0.133955759214938,12197.4,0.95,0.100303,0.175706,NA,NA,NA,NA,NA,NA,NA
"mu[592] NA",0.13561469002,0.13462,0.134307779920006,11429.9,0.95,0.0952142,0.177846,NA,NA,NA,NA,NA,NA,NA
"mu[593] NA",0.127440316933333,0.1263905,0.124095590592693,11479.1,0.95,0.0889459,0.169435,NA,NA,NA,NA,NA,NA,NA
"mu[594] NA",0.13118478488,0.130246,0.125712618741438,10377,0.95,0.0908368,0.171583,NA,NA,NA,NA,NA,NA,NA
"mu[595] NA",0.12042822014,0.119721,0.119677931509128,10871.6,0.95,0.0861391,0.157546,NA,NA,NA,NA,NA,NA,NA
"mu[596] NA",0.232739869933333,0.232287,0.230297312967492,15383.2,0.95,0.19535,0.268544,NA,NA,NA,NA,NA,NA,NA
"mu[597] NA",0.288994356066667,0.2887725,0.289590131386421,15000,0.95,0.257451,0.321651,NA,NA,NA,NA,NA,NA,NA
"mu[598] NA",0.253616526533333,0.253472,0.254366322106439,14210.8,0.95,0.223671,0.284282,NA,NA,NA,NA,NA,NA,NA
"mu[599] NA",0.2700217712,0.2699705,0.26952932674374,15000,0.95,0.238602,0.302134,NA,NA,NA,NA,NA,NA,NA
"mu[600] NA",0.239496251866667,0.238779,0.235334478237291,15000,0.95,0.189348,0.289176,NA,NA,NA,NA,NA,NA,NA
"mu[601] NA",0.1280541183,0.1268585,0.122127784550168,10814.2,0.95,0.0873797,0.168166,NA,NA,NA,NA,NA,NA,NA
"mu[602] NA",0.258837246866667,0.258364,0.255645923068286,15000,0.95,0.219729,0.298416,NA,NA,NA,NA,NA,NA,NA
"mu[603] NA",0.255912768666667,0.255566,0.256289319976202,15000,0.95,0.2155,0.299221,NA,NA,NA,NA,NA,NA,NA
"mu[604] NA",0.132541733213333,0.1314705,0.128430612871326,10898.7,0.95,0.090512,0.173366,NA,NA,NA,NA,NA,NA,NA
"mu[605] NA",0.2661051968,0.265836,0.262602302072965,15000,0.95,0.235367,0.298123,NA,NA,NA,NA,NA,NA,NA
"mu[606] NA",0.2350316976,0.234649,0.234955347690603,15000,0.95,0.192545,0.277407,NA,NA,NA,NA,NA,NA,NA
"mu[607] NA",0.2655778186,0.265341,0.268563248052324,14581,0.95,0.229759,0.299834,NA,NA,NA,NA,NA,NA,NA
"mu[608] NA",0.248633162466667,0.2480705,0.244866144432637,15715.8,0.95,0.212811,0.284389,NA,NA,NA,NA,NA,NA,NA
"mu[609] NA",0.262453082933333,0.2621385,0.261350118234873,14289.5,0.95,0.23113,0.293373,NA,NA,NA,NA,NA,NA,NA
"mu[610] NA",0.240433440333333,0.2402445,0.241662879315532,14399,0.95,0.20612,0.275812,NA,NA,NA,NA,NA,NA,NA
"mu[611] NA",0.2751246872,0.2747505,0.274309924729156,15000,0.95,0.242263,0.310359,NA,NA,NA,NA,NA,NA,NA
"mu[612] NA",0.129402541213333,0.1287775,0.130633541739799,12241.7,0.95,0.0902053,0.17154,NA,NA,NA,NA,NA,NA,NA
"mu[613] NA",0.124054528406667,0.1233095,0.123171788353,10872.7,0.95,0.0866646,0.165018,NA,NA,NA,NA,NA,NA,NA
"mu[614] NA",0.1319096572,0.130943,0.127833957889069,11274.2,0.95,0.0928717,0.173371,NA,NA,NA,NA,NA,NA,NA
"mu[615] NA",0.129145378013333,0.128399,0.128064528553738,12706.9,0.95,0.0889056,0.169631,NA,NA,NA,NA,NA,NA,NA
"mu[616] NA",0.2721186972,0.2719165,0.26962156806883,15000,0.95,0.234292,0.310204,NA,NA,NA,NA,NA,NA,NA
"mu[617] NA",0.247315698266667,0.2471665,0.248094293823642,15000,0.95,0.217311,0.276635,NA,NA,NA,NA,NA,NA,NA
"mu[618] NA",0.131127932173333,0.1301615,0.128115555165969,12080.7,0.95,0.0920232,0.171821,NA,NA,NA,NA,NA,NA,NA
"mu[619] NA",0.277790029066667,0.2776435,0.276033608675591,15000,0.95,0.249237,0.309638,NA,NA,NA,NA,NA,NA,NA
"mu[620] NA",0.2844984476,0.284324,0.284881857405564,15390.5,0.95,0.251102,0.318041,NA,NA,NA,NA,NA,NA,NA
"mu[621] NA",0.245946911533333,0.245464,0.244943297412102,13425,0.95,0.203262,0.289459,NA,NA,NA,NA,NA,NA,NA
"mu[622] NA",0.2279711524,0.227455,0.22715391200821,15133.2,0.95,0.188352,0.26895,NA,NA,NA,NA,NA,NA,NA
"mu[623] NA",0.2336090336,0.2332385,0.234639662990564,15000,0.95,0.200051,0.266854,NA,NA,NA,NA,NA,NA,NA
"mu[624] NA",0.128321169886667,0.127373,0.12714005769542,10702.3,0.95,0.0898121,0.170443,NA,NA,NA,NA,NA,NA,NA
"mu[625] NA",0.247855192533333,0.24752,0.246654526542682,15000,0.95,0.210806,0.284595,NA,NA,NA,NA,NA,NA,NA
"mu[626] NA",0.251435071133333,0.250975,0.248283740495116,15000,0.95,0.204266,0.29708,NA,NA,NA,NA,NA,NA,NA
"mu[627] NA",0.2378945122,0.2374815,0.236211838533279,15000,0.95,0.192476,0.286609,NA,NA,NA,NA,NA,NA,NA
"mu[628] NA",0.249599758133333,0.24903,0.243738998074471,15000,0.95,0.199166,0.298232,NA,NA,NA,NA,NA,NA,NA
"mu[629] NA",0.259263005,0.258808,0.260970689851065,15804.8,0.95,0.209061,0.312266,NA,NA,NA,NA,NA,NA,NA
"mu[630] NA",0.282694719733333,0.2825895,0.283566116398478,13839.9,0.95,0.247711,0.318333,NA,NA,NA,NA,NA,NA,NA
"mu[631] NA",0.128808345646667,0.128019,0.124667730106324,11802.8,0.95,0.0901351,0.168785,NA,NA,NA,NA,NA,NA,NA
"mu[632] NA",0.222452029933333,0.222072,0.221596003102663,14593.4,0.95,0.179177,0.263711,NA,NA,NA,NA,NA,NA,NA
"mu[633] NA",0.14481300422,0.1440725,0.145840348544465,12996.1,0.95,0.106076,0.18409,NA,NA,NA,NA,NA,NA,NA
"mu[634] NA",0.255528231133333,0.2553545,0.256559324551461,15000,0.95,0.220347,0.293863,NA,NA,NA,NA,NA,NA,NA
"mu[635] NA",0.255503998,0.255192,0.256835873707254,15000,0.95,0.210064,0.3021,NA,NA,NA,NA,NA,NA,NA
"mu[636] NA",0.240303428533333,0.239522,0.238094966932974,15000,0.95,0.190141,0.291465,NA,NA,NA,NA,NA,NA,NA
"mu[637] NA",0.252601800466667,0.2524135,0.254141425443374,15000,0.95,0.212575,0.294422,NA,NA,NA,NA,NA,NA,NA
"mu[638] NA",0.2504436948,0.2500145,0.24596315537767,14781.7,0.95,0.207826,0.293682,NA,NA,NA,NA,NA,NA,NA
"mu[639] NA",0.13516693216,0.134193,0.127845849293949,10917.8,0.95,0.0937098,0.17738,NA,NA,NA,NA,NA,NA,NA
"mu[640] NA",0.13510122388,0.1340245,0.130317699333728,12440.1,0.95,0.0970053,0.171909,NA,NA,NA,NA,NA,NA,NA
"mu[641] NA",0.125441005546667,0.124665,0.122245708748878,10870.5,0.95,0.0898929,0.163269,NA,NA,NA,NA,NA,NA,NA
"mu[642] NA",0.224337104666667,0.2240395,0.221590580932231,15000,0.95,0.186619,0.261359,NA,NA,NA,NA,NA,NA,NA
"mu[643] NA",0.13012840012,0.129156,0.12451716707903,11830,0.95,0.0900107,0.170012,NA,NA,NA,NA,NA,NA,NA
"mu[644] NA",0.260165460733333,0.2594895,0.2558020076868,15000,0.95,0.213419,0.305537,NA,NA,NA,NA,NA,NA,NA
"mu[645] NA",0.132323471346667,0.1314695,0.131741971063881,12083.6,0.95,0.0913976,0.173582,NA,NA,NA,NA,NA,NA,NA
"mu[646] NA",0.126213193473333,0.125165,0.122996621625242,10893,0.95,0.0876292,0.166036,NA,NA,NA,NA,NA,NA,NA
"mu[647] NA",0.2313773112,0.231274,0.233859002371479,15000,0.95,0.197358,0.265978,NA,NA,NA,NA,NA,NA,NA
"mu[648] NA",0.2569460632,0.2563675,0.254032225264936,15000,0.95,0.208375,0.305783,NA,NA,NA,NA,NA,NA,NA
"mu[649] NA",0.243146855733333,0.242689,0.243612656628684,15000,0.95,0.195009,0.29159,NA,NA,NA,NA,NA,NA,NA
"mu[650] NA",0.2613576288,0.260883,0.258496697213244,15000,0.95,0.214456,0.309718,NA,NA,NA,NA,NA,NA,NA
"mu[651] NA",0.262264645266667,0.261581,0.264732300795484,15000,0.95,0.212033,0.316027,NA,NA,NA,NA,NA,NA,NA
"mu[652] NA",0.288723074666667,0.2883125,0.286821453167531,14618.7,0.95,0.253451,0.32559,NA,NA,NA,NA,NA,NA,NA
"mu[653] NA",0.129427876086667,0.1286765,0.12916996971837,10330.2,0.95,0.091238,0.172199,NA,NA,NA,NA,NA,NA,NA
"mu[654] NA",0.129089895126667,0.1281775,0.124446518094063,11899.6,0.95,0.0894301,0.168956,NA,NA,NA,NA,NA,NA,NA
"mu[655] NA",0.1280000241,0.1274015,0.128560013652879,11657,0.95,0.0892858,0.169219,NA,NA,NA,NA,NA,NA,NA
"mu[656] NA",0.255613701466667,0.2550465,0.250752501323375,15000,0.95,0.21384,0.301124,NA,NA,NA,NA,NA,NA,NA
"mu[657] NA",0.129179085106667,0.1280965,0.126171878789607,12077.2,0.95,0.089958,0.170793,NA,NA,NA,NA,NA,NA,NA
"mu[658] NA",0.290915182,0.290763,0.291856341321074,15000,0.95,0.259626,0.324567,NA,NA,NA,NA,NA,NA,NA
"mu[659] NA",0.129351028073333,0.128239,0.12568526536711,12286.9,0.95,0.0898416,0.171442,NA,NA,NA,NA,NA,NA,NA
"mu[660] NA",0.278706471066667,0.278578,0.276215055816209,15000,0.95,0.248522,0.307949,NA,NA,NA,NA,NA,NA,NA
"mu[661] NA",0.244204025666667,0.243926,0.244612502055179,15000,0.95,0.199047,0.289968,NA,NA,NA,NA,NA,NA,NA
"mu[662] NA",0.12706606934,0.126102,0.121794228056792,11608.2,0.95,0.0876862,0.167771,NA,NA,NA,NA,NA,NA,NA
"mu[663] NA",0.2434113422,0.243109,0.240852288041283,16024,0.95,0.204637,0.283631,NA,NA,NA,NA,NA,NA,NA
"mu[664] NA",0.2671107904,0.2667715,0.266434680831134,15000,0.95,0.232602,0.300508,NA,NA,NA,NA,NA,NA,NA
"mu[665] NA",0.129622811073333,0.128569,0.126160376510781,11318.7,0.95,0.0881668,0.169598,NA,NA,NA,NA,NA,NA,NA
"mu[666] NA",0.2365047684,0.235973,0.234151388855098,14634.7,0.95,0.194404,0.278776,NA,NA,NA,NA,NA,NA,NA
"mu[667] NA",0.247025570933333,0.246655,0.245297532948737,15000,0.95,0.207235,0.288966,NA,NA,NA,NA,NA,NA,NA
"mu[668] NA",0.266737322266667,0.2659505,0.263829698847357,15000,0.95,0.220848,0.312834,NA,NA,NA,NA,NA,NA,NA
"mu[669] NA",0.2434564914,0.2430095,0.244839643170655,15000,0.95,0.197506,0.290011,NA,NA,NA,NA,NA,NA,NA
"mu[670] NA",0.128768129493333,0.127842,0.125178316958938,11475.7,0.95,0.0887115,0.169449,NA,NA,NA,NA,NA,NA,NA
"mu[671] NA",0.247005997733333,0.246555,0.247411374979628,15147.7,0.95,0.206346,0.287944,NA,NA,NA,NA,NA,NA,NA
"mu[672] NA",0.127763851066667,0.1269055,0.12646007838023,11995.7,0.95,0.0902642,0.169668,NA,NA,NA,NA,NA,NA,NA
"mu[673] NA",0.2766540604,0.276457,0.277409058125269,14737.5,0.95,0.246008,0.307557,NA,NA,NA,NA,NA,NA,NA
"mu[674] NA",0.245766449866667,0.245474,0.244800601030149,14555,0.95,0.19902,0.292083,NA,NA,NA,NA,NA,NA,NA
"mu[675] NA",0.248558281466667,0.248182,0.251099072554026,15000,0.95,0.198503,0.298515,NA,NA,NA,NA,NA,NA,NA
"mu[676] NA",0.130598541513333,0.129724,0.12892220842664,11403.7,0.95,0.0920397,0.172295,NA,NA,NA,NA,NA,NA,NA
"mu[677] NA",0.239167398133333,0.238815,0.237257641015965,14428.8,0.95,0.202851,0.279014,NA,NA,NA,NA,NA,NA,NA
"mu[678] NA",0.217822104066667,0.217629,0.217796344350464,15000,0.95,0.189013,0.247851,NA,NA,NA,NA,NA,NA,NA
"mu[679] NA",0.249565331933333,0.249047,0.248178791230358,16680.5,0.95,0.198145,0.302077,NA,NA,NA,NA,NA,NA,NA
"mu[680] NA",0.254887471266667,0.2546825,0.255125128544494,15000,0.95,0.22661,0.284414,NA,NA,NA,NA,NA,NA,NA
"mu[681] NA",0.228887869333333,0.228572,0.226266928523688,15000,0.95,0.198136,0.260507,NA,NA,NA,NA,NA,NA,NA
"mu[682] NA",0.129315540046667,0.128614,0.128806494735771,12718.7,0.95,0.0886945,0.170547,NA,NA,NA,NA,NA,NA,NA
"mu[683] NA",0.2427538698,0.2425235,0.242023106877268,15000,0.95,0.21323,0.273107,NA,NA,NA,NA,NA,NA,NA
"mu[684] NA",0.12837483014,0.127452,0.12477252631306,12051.3,0.95,0.0902666,0.169791,NA,NA,NA,NA,NA,NA,NA
"mu[685] NA",0.257732450266667,0.257157,0.258110848706452,15446.1,0.95,0.205699,0.309853,NA,NA,NA,NA,NA,NA,NA
"mu[686] NA",0.252307254933333,0.2516345,0.249779442060054,15000,0.95,0.201218,0.304887,NA,NA,NA,NA,NA,NA,NA
"mu[687] NA",0.1296704561,0.128722,0.128142416827592,11525.6,0.95,0.0898834,0.17189,NA,NA,NA,NA,NA,NA,NA
"mu[688] NA",0.271977765,0.271606,0.271188755664694,15000,0.95,0.234421,0.308364,NA,NA,NA,NA,NA,NA,NA
"mu[689] NA",0.225699777266667,0.2251895,0.222525849122911,15000,0.95,0.190533,0.26367,NA,NA,NA,NA,NA,NA,NA
"mu[690] NA",0.129365097693333,0.128351,0.12659431911281,10383.1,0.95,0.0907003,0.172416,NA,NA,NA,NA,NA,NA,NA
"mu[691] NA",0.13143106124,0.130483,0.127941519964999,10909,0.95,0.0900331,0.172032,NA,NA,NA,NA,NA,NA,NA
"mu[692] NA",0.2469993686,0.2464565,0.24549302962585,14198.2,0.95,0.197904,0.295089,NA,NA,NA,NA,NA,NA,NA
"mu[693] NA",0.2712780688,0.271113,0.271980265777145,14260.9,0.95,0.240784,0.300501,NA,NA,NA,NA,NA,NA,NA
"mu[694] NA",0.260322648133333,0.259962,0.261445886433691,15000,0.95,0.209717,0.313799,NA,NA,NA,NA,NA,NA,NA
"mu[695] NA",0.284522410333333,0.2842775,0.282328654091439,15000,0.95,0.250326,0.318844,NA,NA,NA,NA,NA,NA,NA
"mu[696] NA",0.264548970333333,0.264439,0.26615658406748,15000,0.95,0.232371,0.2959,NA,NA,NA,NA,NA,NA,NA
"mu[697] NA",0.2418627746,0.2416245,0.244144509761553,15000,0.95,0.198318,0.285443,NA,NA,NA,NA,NA,NA,NA
"mu[698] NA",0.23950383,0.2385695,0.237038727919286,15000,0.95,0.1893,0.291438,NA,NA,NA,NA,NA,NA,NA
"mu[699] NA",0.244226593733333,0.243965,0.241906360907602,14448.7,0.95,0.210513,0.274592,NA,NA,NA,NA,NA,NA,NA
"mu[700] NA",0.272967917866667,0.272711,0.275772836595421,15000,0.95,0.233206,0.312853,NA,NA,NA,NA,NA,NA,NA
"mu[701] NA",0.2577733248,0.2575515,0.258781463032679,15000,0.95,0.222089,0.293527,NA,NA,NA,NA,NA,NA,NA
"mu[702] NA",0.256113424333333,0.255547,0.253634954168977,15000,0.95,0.210571,0.30181,NA,NA,NA,NA,NA,NA,NA
"mu[703] NA",0.138682316413333,0.137654,0.138593680039761,12779.6,0.95,0.100473,0.179664,NA,NA,NA,NA,NA,NA,NA
"mu[704] NA",0.12906425966,0.1280835,0.124237767416649,9966.1,0.95,0.089417,0.170728,NA,NA,NA,NA,NA,NA,NA
"mu[705] NA",0.303800300133333,0.3035635,0.302514338615947,15000,0.95,0.271105,0.334915,NA,NA,NA,NA,NA,NA,NA
"mu[706] NA",0.286694605866667,0.286466,0.286112274335729,15000,0.95,0.257159,0.316953,NA,NA,NA,NA,NA,NA,NA
"mu[707] NA",0.2435876542,0.2431955,0.240331916784268,15000,0.95,0.209944,0.277695,NA,NA,NA,NA,NA,NA,NA
"mu[708] NA",0.128181855733333,0.127289,0.12570443214337,11693.1,0.95,0.0886741,0.168792,NA,NA,NA,NA,NA,NA,NA
"mu[709] NA",0.2606493118,0.2603675,0.261791714632988,15000,0.95,0.208328,0.311757,NA,NA,NA,NA,NA,NA,NA
"mu[710] NA",0.246545683333333,0.245956,0.244888307502216,15000,0.95,0.197045,0.29656,NA,NA,NA,NA,NA,NA,NA
"mu[711] NA",0.2754490566,0.275074,0.273330227737615,15000,0.95,0.245593,0.304843,NA,NA,NA,NA,NA,NA,NA
"mu[712] NA",0.244060754466667,0.2436385,0.243256614929995,15000,0.95,0.203304,0.284065,NA,NA,NA,NA,NA,NA,NA
"mu[713] NA",0.256352464733333,0.2560625,0.257728666926983,15000,0.95,0.220299,0.293069,NA,NA,NA,NA,NA,NA,NA
"mu[714] NA",0.12849308604,0.12757,0.123910732769994,10477,0.95,0.0897044,0.170164,NA,NA,NA,NA,NA,NA,NA
"mu[715] NA",0.247826132933333,0.2475045,0.247151076400981,15000,0.95,0.207858,0.289054,NA,NA,NA,NA,NA,NA,NA
"mu[716] NA",0.238281217866667,0.2378265,0.235178676526897,15000,0.95,0.197344,0.280871,NA,NA,NA,NA,NA,NA,NA
"mu[717] NA",0.239770751466667,0.239103,0.234487634576129,13859.6,0.95,0.187084,0.289239,NA,NA,NA,NA,NA,NA,NA
"mu[718] NA",0.216742729466667,0.2165165,0.218260384007324,15000,0.95,0.180255,0.255969,NA,NA,NA,NA,NA,NA,NA
"mu[719] NA",0.13237250926,0.1316495,0.133620812789706,11862.9,0.95,0.0919217,0.172803,NA,NA,NA,NA,NA,NA,NA
"mu[720] NA",0.259993695133333,0.259783,0.259495134830431,15000,0.95,0.230914,0.28962,NA,NA,NA,NA,NA,NA,NA
"mu[721] NA",0.286524436733333,0.28636,0.286867117061677,14527.2,0.95,0.255371,0.316896,NA,NA,NA,NA,NA,NA,NA
"mu[722] NA",0.129275785893333,0.1284475,0.129966831111525,11298.4,0.95,0.0913115,0.171472,NA,NA,NA,NA,NA,NA,NA
"mu[723] NA",0.12855184854,0.1274185,0.124999195932764,11490.2,0.95,0.0877992,0.169554,NA,NA,NA,NA,NA,NA,NA
"mu[724] NA",0.257464773066667,0.257281,0.256760827572164,15002.5,0.95,0.228744,0.286407,NA,NA,NA,NA,NA,NA,NA
"mu[725] NA",0.129347727533333,0.128433,0.125029491890699,11589.4,0.95,0.0901486,0.171232,NA,NA,NA,NA,NA,NA,NA
"mu[726] NA",0.247332832933333,0.246917,0.247511309623562,15400.8,0.95,0.202342,0.292784,NA,NA,NA,NA,NA,NA,NA
"mu[727] NA",0.235408231466667,0.2351215,0.236927224439402,15000,0.95,0.199319,0.272353,NA,NA,NA,NA,NA,NA,NA
"mu[728] NA",0.234606056533333,0.234405,0.234633123589177,15000,0.95,0.205791,0.263275,NA,NA,NA,NA,NA,NA,NA
"mu[729] NA",0.226717635933333,0.226087,0.219957777691849,15000,0.95,0.18294,0.274633,NA,NA,NA,NA,NA,NA,NA
"mu[730] NA",0.247459271533333,0.2471735,0.247119271245742,15394.2,0.95,0.219574,0.277634,NA,NA,NA,NA,NA,NA,NA
"mu[731] NA",0.129433762326667,0.1286185,0.126885692666041,11113.3,0.95,0.0904115,0.17193,NA,NA,NA,NA,NA,NA,NA
"mu[732] NA",0.264254772466667,0.26371,0.26314680450341,15000,0.95,0.218258,0.312372,NA,NA,NA,NA,NA,NA,NA
"mu[733] NA",0.252562502333333,0.252159,0.253321872887156,15000,0.95,0.201692,0.305034,NA,NA,NA,NA,NA,NA,NA
"mu[734] NA",0.128940487486667,0.127945,0.126483012826128,11823.1,0.95,0.0898837,0.171473,NA,NA,NA,NA,NA,NA,NA
"mu[735] NA",0.2816257944,0.281343,0.279527730821094,15000,0.95,0.25029,0.312779,NA,NA,NA,NA,NA,NA,NA
"mu[736] NA",0.275387670466667,0.275143,0.274426485310034,15000,0.95,0.24551,0.303762,NA,NA,NA,NA,NA,NA,NA
"mu[737] NA",0.233446152666667,0.233212,0.231808692293095,14553.4,0.95,0.203539,0.264962,NA,NA,NA,NA,NA,NA,NA
"mu[738] NA",0.128395147213333,0.127427,0.124996236582304,11378.4,0.95,0.0903769,0.170543,NA,NA,NA,NA,NA,NA,NA
"mu[739] NA",0.243724256666667,0.2430125,0.241003353248194,15000,0.95,0.200545,0.287327,NA,NA,NA,NA,NA,NA,NA
"mu[740] NA",0.12133850674,0.120533,0.118342813857825,11315.6,0.95,0.0863176,0.157028,NA,NA,NA,NA,NA,NA,NA
"mu[741] NA",0.129043714686667,0.1280405,0.123462330063777,11707.1,0.95,0.0884796,0.169283,NA,NA,NA,NA,NA,NA,NA
"mu[742] NA",0.2900572464,0.2898655,0.290095300804785,15000,0.95,0.261232,0.32158,NA,NA,NA,NA,NA,NA,NA
"mu[743] NA",0.248523283533333,0.248467,0.248725068545849,15000,0.95,0.213136,0.283967,NA,NA,NA,NA,NA,NA,NA
"mu[744] NA",0.271015790533333,0.2709025,0.27118671192011,14246.1,0.95,0.235469,0.306275,NA,NA,NA,NA,NA,NA,NA
"mu[745] NA",0.2372078806,0.2366595,0.233680017562979,15000,0.95,0.194016,0.28586,NA,NA,NA,NA,NA,NA,NA
"mu[746] NA",0.2438579046,0.243619,0.243319165458342,15000,0.95,0.212896,0.276868,NA,NA,NA,NA,NA,NA,NA
"mu[747] NA",0.256857163,0.256685,0.258215483860538,15000,0.95,0.21585,0.298206,NA,NA,NA,NA,NA,NA,NA
"mu[748] NA",0.241116291266667,0.2408585,0.23824903313099,16087.6,0.95,0.20147,0.282865,NA,NA,NA,NA,NA,NA,NA
"mu[749] NA",0.2672671138,0.2670715,0.266671285474161,15384,0.95,0.235327,0.299426,NA,NA,NA,NA,NA,NA,NA
"mu[750] NA",0.13350504128,0.132627,0.132711056634659,12195.4,0.95,0.0943813,0.176376,NA,NA,NA,NA,NA,NA,NA
"mu[751] NA",0.240584804266667,0.240126,0.237420259249123,15000,0.95,0.190596,0.291575,NA,NA,NA,NA,NA,NA,NA
"mu[752] NA",0.128591965486667,0.1278675,0.128070794642277,11261.5,0.95,0.0904422,0.17068,NA,NA,NA,NA,NA,NA,NA
"mu[753] NA",0.234429299,0.2341565,0.234497209499994,15000,0.95,0.19886,0.26925,NA,NA,NA,NA,NA,NA,NA
"mu[754] NA",0.118191833813333,0.1172815,0.113067185948778,11316.5,0.95,0.0828817,0.153667,NA,NA,NA,NA,NA,NA,NA
"mu[755] NA",0.127852225,0.127158,0.126556283782485,12501,0.95,0.0886771,0.168223,NA,NA,NA,NA,NA,NA,NA
"mu[756] NA",0.1323980959,0.1315035,0.133860352784745,11667.1,0.95,0.092288,0.174334,NA,NA,NA,NA,NA,NA,NA
"mu[757] NA",0.133991760286667,0.1330395,0.131720309393037,11975.9,0.95,0.0930702,0.174788,NA,NA,NA,NA,NA,NA,NA
"mu[758] NA",0.2518254666,0.251593,0.248489848119925,15000,0.95,0.215593,0.286695,NA,NA,NA,NA,NA,NA,NA
"mu[759] NA",0.249964376333333,0.249812,0.24995540060305,15782.5,0.95,0.222723,0.278914,NA,NA,NA,NA,NA,NA,NA
"mu[760] NA",0.13140960672,0.130187,0.126852361380433,12175,0.95,0.0916871,0.173399,NA,NA,NA,NA,NA,NA,NA
"mu[761] NA",0.259195206266667,0.2584995,0.255918374152208,15000,0.95,0.207444,0.308846,NA,NA,NA,NA,NA,NA,NA
"mu[762] NA",0.243124537,0.2425545,0.240291111444828,15000,0.95,0.199673,0.28666,NA,NA,NA,NA,NA,NA,NA
"mu[763] NA",0.258415808,0.258127,0.255832603871239,15000,0.95,0.224685,0.290497,NA,NA,NA,NA,NA,NA,NA
"mu[764] NA",0.132219328873333,0.131321,0.13312487153615,11297.1,0.95,0.0901993,0.173734,NA,NA,NA,NA,NA,NA,NA
"mu[765] NA",0.264159211133333,0.264007,0.263123576128937,15000,0.95,0.233323,0.296301,NA,NA,NA,NA,NA,NA,NA
"mu[766] NA",0.246806300533333,0.2463875,0.24562891110068,15000,0.95,0.207184,0.286961,NA,NA,NA,NA,NA,NA,NA
"mu[767] NA",0.12906579546,0.1281395,0.125870217481084,12631.8,0.95,0.0882233,0.169626,NA,NA,NA,NA,NA,NA,NA
"mu[768] NA",0.1287790151,0.1280655,0.127558801495542,11097.2,0.95,0.0891476,0.170282,NA,NA,NA,NA,NA,NA,NA
"mu[769] NA",0.233212143333333,0.2331595,0.233553515771603,14556.3,0.95,0.187983,0.278443,NA,NA,NA,NA,NA,NA,NA
"mu[770] NA",0.2610616602,0.2605825,0.261352284539752,15000,0.95,0.210889,0.311028,NA,NA,NA,NA,NA,NA,NA
"mu[771] NA",0.286272858133333,0.2860905,0.285065926373848,15000,0.95,0.248613,0.323812,NA,NA,NA,NA,NA,NA,NA
"mu[772] NA",0.290004729066667,0.2897795,0.289418400975766,14645.2,0.95,0.253425,0.324408,NA,NA,NA,NA,NA,NA,NA
"mu[773] NA",0.131710326293333,0.130801,0.129812427236178,13103.7,0.95,0.0905791,0.171334,NA,NA,NA,NA,NA,NA,NA
"mu[774] NA",0.129267381913333,0.1282205,0.126359695022426,12098,0.95,0.0898069,0.171699,NA,NA,NA,NA,NA,NA,NA
"mu[775] NA",0.261978853666667,0.261693,0.260985208826227,15000,0.95,0.22488,0.298976,NA,NA,NA,NA,NA,NA,NA
"mu[776] NA",0.216173012333333,0.2160215,0.215771305167693,15000,0.95,0.185594,0.247946,NA,NA,NA,NA,NA,NA,NA
"mu[777] NA",0.127741151086667,0.1269475,0.127088539367673,10943,0.95,0.0874792,0.166258,NA,NA,NA,NA,NA,NA,NA
"mu[778] NA",0.12958567716,0.1286535,0.128620854715629,11053.3,0.95,0.0901702,0.170802,NA,NA,NA,NA,NA,NA,NA
"mu[779] NA",0.129031123433333,0.1280875,0.125430941058232,12043.5,0.95,0.0897907,0.170723,NA,NA,NA,NA,NA,NA,NA
"mu[780] NA",0.230034830933333,0.2297085,0.227447176644926,15000,0.95,0.199378,0.262651,NA,NA,NA,NA,NA,NA,NA
"mu[781] NA",0.125263326026667,0.1242425,0.122348692176047,11847.7,0.95,0.0881531,0.162514,NA,NA,NA,NA,NA,NA,NA
"mu[782] NA",0.129591802213333,0.1287725,0.125478380649016,11620.3,0.95,0.0903803,0.171327,NA,NA,NA,NA,NA,NA,NA
"mu[783] NA",0.127059252293333,0.1263045,0.126007066165941,12209.7,0.95,0.0903643,0.166921,NA,NA,NA,NA,NA,NA,NA
"mu[784] NA",0.2349018496,0.234897,0.237795449140184,15000,0.95,0.200668,0.270071,NA,NA,NA,NA,NA,NA,NA
"mu[785] NA",0.2586058172,0.2582355,0.259699116066377,14478.3,0.95,0.221019,0.298873,NA,NA,NA,NA,NA,NA,NA
"mu[786] NA",0.1272526904,0.1262815,0.122252095792494,11125.8,0.95,0.0882084,0.168499,NA,NA,NA,NA,NA,NA,NA
"mu[787] NA",0.272955296866667,0.272777,0.27062063241233,15000,0.95,0.23866,0.306214,NA,NA,NA,NA,NA,NA,NA
"mu[788] NA",0.245891962733333,0.2452255,0.242651150565008,15000,0.95,0.194634,0.293997,NA,NA,NA,NA,NA,NA,NA
"mu[789] NA",0.248551245866667,0.248497,0.249289755320851,15000,0.95,0.218739,0.278908,NA,NA,NA,NA,NA,NA,NA
"mu[790] NA",0.127928970046667,0.1269185,0.124987986102555,12258.6,0.95,0.087803,0.168334,NA,NA,NA,NA,NA,NA,NA
"mu[791] NA",0.124919294706667,0.1241305,0.11968279956382,11278.7,0.95,0.0882338,0.163281,NA,NA,NA,NA,NA,NA,NA
"mu[792] NA",0.2305329318,0.2301385,0.230074863943037,14563.6,0.95,0.193578,0.266754,NA,NA,NA,NA,NA,NA,NA
"mu[793] NA",0.2382384478,0.237642,0.233760010105714,15000,0.95,0.187312,0.287396,NA,NA,NA,NA,NA,NA,NA
"mu[794] NA",0.2631180566,0.262399,0.259138830712138,15000,0.95,0.217367,0.311341,NA,NA,NA,NA,NA,NA,NA
"mu[795] NA",0.1247348237,0.124019,0.124030178566364,12383.1,0.95,0.0884276,0.163597,NA,NA,NA,NA,NA,NA,NA
"mu[796] NA",0.2510563462,0.250897,0.250829031295188,15000,0.95,0.22083,0.281629,NA,NA,NA,NA,NA,NA,NA
"mu[797] NA",0.1289791274,0.1279405,0.127254330533406,10675.9,0.95,0.0891557,0.169904,NA,NA,NA,NA,NA,NA,NA
"mu[798] NA",0.129249386946667,0.1282735,0.126020651369166,11318.3,0.95,0.0895986,0.170458,NA,NA,NA,NA,NA,NA,NA
"mu[799] NA",0.233564183666667,0.233344,0.232200506601158,15000,0.95,0.198506,0.267147,NA,NA,NA,NA,NA,NA,NA
"mu[800] NA",0.262405879733333,0.261757,0.261374861000683,15133.2,0.95,0.213424,0.315073,NA,NA,NA,NA,NA,NA,NA
"mu[801] NA",0.129269738206667,0.1283075,0.129071582169757,9681.8,0.95,0.0880619,0.169401,NA,NA,NA,NA,NA,NA,NA
"mu[802] NA",0.2582060718,0.2578685,0.257227030861677,15389.2,0.95,0.22132,0.295776,NA,NA,NA,NA,NA,NA,NA
"mu[803] NA",0.235350831666667,0.234596,0.232892902864456,15000,0.95,0.184863,0.286653,NA,NA,NA,NA,NA,NA,NA
"mu[804] NA",0.237594465066667,0.2370115,0.236016651886569,15000,0.95,0.194271,0.280822,NA,NA,NA,NA,NA,NA,NA
"mu[805] NA",0.2632176466,0.262909,0.264491272121673,15000,0.95,0.227692,0.301376,NA,NA,NA,NA,NA,NA,NA
"mu[806] NA",0.13170604002,0.130757,0.129175394939452,11929.6,0.95,0.0915625,0.172235,NA,NA,NA,NA,NA,NA,NA
"mu[807] NA",0.24097676,0.2408975,0.242252804355518,15000,0.95,0.20522,0.274314,NA,NA,NA,NA,NA,NA,NA
"mu[808] NA",0.289446656666667,0.28917,0.288956627694573,13573.9,0.95,0.259965,0.31975,NA,NA,NA,NA,NA,NA,NA
"mu[809] NA",0.258820646933333,0.258437,0.256234616759853,14624.3,0.95,0.228566,0.287145,NA,NA,NA,NA,NA,NA,NA
"mu[810] NA",0.252419827333333,0.252097,0.253737134814338,15000,0.95,0.210318,0.292584,NA,NA,NA,NA,NA,NA,NA
"mu[811] NA",0.2434800676,0.243058,0.244803506965632,15000,0.95,0.196998,0.292598,NA,NA,NA,NA,NA,NA,NA
"mu[812] NA",0.124255313726667,0.123387,0.122832182232578,10841.6,0.95,0.0844307,0.162021,NA,NA,NA,NA,NA,NA,NA
"mu[813] NA",0.13103980544,0.130292,0.129545722119067,12019.4,0.95,0.0914734,0.173069,NA,NA,NA,NA,NA,NA,NA
"mu[814] NA",0.2376411982,0.237233,0.236163734746298,14204.9,0.95,0.200779,0.275999,NA,NA,NA,NA,NA,NA,NA
"mu[815] NA",0.247172013733333,0.2469365,0.246775330579226,15000,0.95,0.205721,0.287949,NA,NA,NA,NA,NA,NA,NA
"mu[816] NA",0.264442228066667,0.263932,0.262545680023666,16079,0.95,0.222337,0.305465,NA,NA,NA,NA,NA,NA,NA
"mu[817] NA",0.12779930946,0.1268595,0.126652195771674,11101.1,0.95,0.0875832,0.169045,NA,NA,NA,NA,NA,NA,NA
"mu[818] NA",0.126587240126667,0.1257885,0.126640397448806,11581,0.95,0.0868484,0.1668,NA,NA,NA,NA,NA,NA,NA
"mu[819] NA",0.245415958266667,0.2452855,0.246788855778398,15000,0.95,0.212322,0.278475,NA,NA,NA,NA,NA,NA,NA
"mu[820] NA",0.230767838933333,0.23064,0.231128804018433,14939.2,0.95,0.200758,0.260704,NA,NA,NA,NA,NA,NA,NA
"mu[821] NA",0.129615105573333,0.1286375,0.126884286998835,11722.7,0.95,0.0888283,0.170132,NA,NA,NA,NA,NA,NA,NA
"mu[822] NA",0.2561867452,0.255828,0.254395227572572,15000,0.95,0.215227,0.298142,NA,NA,NA,NA,NA,NA,NA
"mu[823] NA",0.258306913333333,0.257624,0.255955948047833,15000,0.95,0.212712,0.308015,NA,NA,NA,NA,NA,NA,NA
"mu[824] NA",0.2124278578,0.212142,0.212346507343398,14321.8,0.95,0.17498,0.247833,NA,NA,NA,NA,NA,NA,NA
"mu[825] NA",0.226815925266667,0.2263305,0.224365723452717,15000,0.95,0.184122,0.270231,NA,NA,NA,NA,NA,NA,NA
"mu[826] NA",0.273117035133333,0.272799,0.272732055973317,15000,0.95,0.235874,0.310574,NA,NA,NA,NA,NA,NA,NA
"mu[827] NA",0.250116509333333,0.2497675,0.252875532853742,15000,0.95,0.200974,0.298493,NA,NA,NA,NA,NA,NA,NA
"mu[828] NA",0.2383392504,0.23761,0.23488590595647,15000,0.95,0.18776,0.288361,NA,NA,NA,NA,NA,NA,NA
"mu[829] NA",0.258687290733333,0.2583105,0.25689709512178,14626.6,0.95,0.228188,0.287695,NA,NA,NA,NA,NA,NA,NA
"mu[830] NA",0.2177287272,0.2177115,0.220472525882237,15000,0.95,0.18546,0.251484,NA,NA,NA,NA,NA,NA,NA
"mu[831] NA",0.274726231266667,0.2746085,0.273657731450049,15393.7,0.95,0.244136,0.306221,NA,NA,NA,NA,NA,NA,NA
"mu[832] NA",0.2482197606,0.24784,0.249145605197055,15000,0.95,0.196852,0.298932,NA,NA,NA,NA,NA,NA,NA
"mu[833] NA",0.127102008286667,0.1261815,0.124962801127527,11855.1,0.95,0.0877315,0.16752,NA,NA,NA,NA,NA,NA,NA
"mu[834] NA",0.278042114733333,0.2778555,0.278909593330182,15000,0.95,0.246362,0.312136,NA,NA,NA,NA,NA,NA,NA
"mu[835] NA",0.129408809573333,0.1285295,0.127589702606214,10824.8,0.95,0.0905603,0.172302,NA,NA,NA,NA,NA,NA,NA
"mu[836] NA",0.241193310466667,0.240757,0.237722096154521,15000,0.95,0.198265,0.281127,NA,NA,NA,NA,NA,NA,NA
"mu[837] NA",0.235590069266667,0.235197,0.231623913864861,14985.3,0.95,0.196585,0.276218,NA,NA,NA,NA,NA,NA,NA
"mu[838] NA",0.12932897612,0.1284105,0.128447880262148,10598.6,0.95,0.0884368,0.170023,NA,NA,NA,NA,NA,NA,NA
"mu[839] NA",0.151529385153333,0.150441,0.145339599146916,11826.4,0.95,0.112174,0.193131,NA,NA,NA,NA,NA,NA,NA
"mu[840] NA",0.229358937733333,0.2292225,0.230213776582168,15000,0.95,0.199404,0.258935,NA,NA,NA,NA,NA,NA,NA
"mu[841] NA",0.141138636626667,0.140055,0.135448006587398,12047.7,0.95,0.100883,0.181682,NA,NA,NA,NA,NA,NA,NA
"mu[842] NA",0.12879336494,0.1279225,0.123978642168641,12256.3,0.95,0.0885583,0.167908,NA,NA,NA,NA,NA,NA,NA
"mu[843] NA",0.252535314066667,0.2520275,0.248609720490205,14518.3,0.95,0.211559,0.297085,NA,NA,NA,NA,NA,NA,NA
"mu[844] NA",0.276047696266667,0.275914,0.274567041667131,15000,0.95,0.246144,0.305288,NA,NA,NA,NA,NA,NA,NA
"mu[845] NA",0.2377303166,0.2374155,0.236608605332363,15000,0.95,0.20618,0.270396,NA,NA,NA,NA,NA,NA,NA
"mu[846] NA",0.129143803993333,0.128373,0.126991385641353,11831.5,0.95,0.0905133,0.171986,NA,NA,NA,NA,NA,NA,NA
"mu[847] NA",0.259542044333333,0.2594455,0.262714056060079,15000,0.95,0.22006,0.300275,NA,NA,NA,NA,NA,NA,NA
"mu[848] NA",0.267902443666667,0.267595,0.267122307955165,15000,0.95,0.238377,0.299102,NA,NA,NA,NA,NA,NA,NA
"mu[849] NA",0.250615856733333,0.2502935,0.2486564759701,15000,0.95,0.217186,0.287054,NA,NA,NA,NA,NA,NA,NA
"mu[850] NA",0.251511554066667,0.2509105,0.245423278762456,15000,0.95,0.200541,0.30131,NA,NA,NA,NA,NA,NA,NA
"mu[851] NA",0.227188697133333,0.2270225,0.228395314663833,14427.7,0.95,0.181199,0.272923,NA,NA,NA,NA,NA,NA,NA
"mu[852] NA",0.129128764133333,0.1280805,0.123388863983664,10799,0.95,0.0892761,0.169834,NA,NA,NA,NA,NA,NA,NA
"mu[853] NA",0.251986436666667,0.2517025,0.249615491601681,14647.7,0.95,0.220498,0.284717,NA,NA,NA,NA,NA,NA,NA
"mu[854] NA",0.2740579558,0.2739665,0.27463239821501,15000,0.95,0.242221,0.306554,NA,NA,NA,NA,NA,NA,NA
"mu[855] NA",0.245923999533333,0.2456725,0.248202820226993,13860.7,0.95,0.194127,0.295326,NA,NA,NA,NA,NA,NA,NA
"mu[856] NA",0.2420471258,0.241618,0.240761910316289,15000,0.95,0.206067,0.27794,NA,NA,NA,NA,NA,NA,NA
"mu[857] NA",0.2617083156,0.261529,0.2617672272114,15000,0.95,0.227379,0.297167,NA,NA,NA,NA,NA,NA,NA
"mu[858] NA",0.237296272533333,0.2369225,0.235223933368534,15000,0.95,0.204595,0.272509,NA,NA,NA,NA,NA,NA,NA
"mu[859] NA",0.2484873136,0.2479095,0.241465894502151,15000,0.95,0.197568,0.297568,NA,NA,NA,NA,NA,NA,NA
"mu[860] NA",0.253144691666667,0.2528195,0.252678023002397,15376.2,0.95,0.212196,0.29323,NA,NA,NA,NA,NA,NA,NA
"mu[861] NA",0.131103459606667,0.1299745,0.124172843831559,11183.2,0.95,0.0914088,0.172354,NA,NA,NA,NA,NA,NA,NA
"mu[862] NA",0.243042840533333,0.2424565,0.242043462433699,14498,0.95,0.197758,0.28996,NA,NA,NA,NA,NA,NA,NA
"mu[863] NA",0.1346197135,0.13377,0.131271506620084,11776.4,0.95,0.0923903,0.174459,NA,NA,NA,NA,NA,NA,NA
"mu[864] NA",0.2356218204,0.2352775,0.236142829884207,15786.8,0.95,0.196803,0.273507,NA,NA,NA,NA,NA,NA,NA
"mu[865] NA",0.2422179484,0.242016,0.24130403755017,15608.2,0.95,0.209352,0.274931,NA,NA,NA,NA,NA,NA,NA
"mu[866] NA",0.1328443221,0.132143,0.131621920917864,12298.8,0.95,0.0931287,0.174109,NA,NA,NA,NA,NA,NA,NA
"mu[867] NA",0.2580733418,0.257597,0.257432629586688,15000,0.95,0.213763,0.303984,NA,NA,NA,NA,NA,NA,NA
"mu[868] NA",0.2232057292,0.222988,0.225698804813972,14539,0.95,0.181106,0.266467,NA,NA,NA,NA,NA,NA,NA
"mu[869] NA",0.247740919666667,0.2468245,0.241596660218998,15000,0.95,0.199616,0.300437,NA,NA,NA,NA,NA,NA,NA
"mu[870] NA",0.303767429,0.3035525,0.30456495009678,15000,0.95,0.271301,0.334327,NA,NA,NA,NA,NA,NA,NA
"mu[871] NA",0.262840299466667,0.262727,0.261911728932063,13788,0.95,0.233427,0.294056,NA,NA,NA,NA,NA,NA,NA
"mu[872] NA",0.2648182532,0.2644415,0.261251680239448,15000,0.95,0.224164,0.306167,NA,NA,NA,NA,NA,NA,NA
"mu[873] NA",0.123600416366667,0.1227975,0.120670316413397,11859.5,0.95,0.0854643,0.163079,NA,NA,NA,NA,NA,NA,NA
"mu[874] NA",0.257667682866667,0.257357,0.254262428666694,15469.7,0.95,0.216175,0.29705,NA,NA,NA,NA,NA,NA,NA
"mu[875] NA",0.2304975902,0.230238,0.230943057155268,15000,0.95,0.200489,0.258251,NA,NA,NA,NA,NA,NA,NA
"mu[876] NA",0.250222757733333,0.250139,0.250735281952293,15788.7,0.95,0.220253,0.279342,NA,NA,NA,NA,NA,NA,NA
"mu[877] NA",0.2731735486,0.2730825,0.274750120212473,15000,0.95,0.243474,0.304082,NA,NA,NA,NA,NA,NA,NA
"mu[878] NA",0.233698602866667,0.233448,0.2337764142253,13402.4,0.95,0.191458,0.272672,NA,NA,NA,NA,NA,NA,NA
"mu[879] NA",0.253292633666667,0.2530065,0.25212680620572,15000,0.95,0.219426,0.290139,NA,NA,NA,NA,NA,NA,NA
"mu[880] NA",0.239037080266667,0.238932,0.23980668531055,14523.4,0.95,0.200845,0.273828,NA,NA,NA,NA,NA,NA,NA
"mu[881] NA",0.2472900574,0.2469415,0.246410944374511,15000,0.95,0.206778,0.286301,NA,NA,NA,NA,NA,NA,NA
"mu[882] NA",0.231678919133333,0.231624,0.232102021006327,15000,0.95,0.1929,0.269466,NA,NA,NA,NA,NA,NA,NA
"mu[883] NA",0.2333757714,0.233229,0.235755216077005,14509.1,0.95,0.193275,0.274157,NA,NA,NA,NA,NA,NA,NA
"mu[884] NA",0.244685600133333,0.2443105,0.246222402462897,15000,0.95,0.197224,0.292152,NA,NA,NA,NA,NA,NA,NA
"mu[885] NA",0.13490095608,0.1337735,0.13107027474534,12659.4,0.95,0.0938237,0.176046,NA,NA,NA,NA,NA,NA,NA
"mu[886] NA",0.254160577133333,0.2536935,0.25228924985678,15000,0.95,0.207157,0.30263,NA,NA,NA,NA,NA,NA,NA
"mu[887] NA",0.261899002666667,0.261469,0.258851174199155,15000,0.95,0.229937,0.295293,NA,NA,NA,NA,NA,NA,NA
"mu[888] NA",0.127939426266667,0.1270715,0.127019968729105,11128.5,0.95,0.0867738,0.167412,NA,NA,NA,NA,NA,NA,NA
"mu[889] NA",0.254126673466667,0.2538625,0.252469654247992,15000,0.95,0.223581,0.284064,NA,NA,NA,NA,NA,NA,NA
"mu[890] NA",0.256573107933333,0.2561975,0.254413885349387,15363.7,0.95,0.226211,0.285195,NA,NA,NA,NA,NA,NA,NA
"mu[891] NA",0.13261702466,0.131605,0.12879042981961,10666.5,0.95,0.090747,0.172288,NA,NA,NA,NA,NA,NA,NA
"mu[892] NA",0.129393230493333,0.128633,0.123194294943937,11920,0.95,0.0893228,0.170446,NA,NA,NA,NA,NA,NA,NA
"mu[893] NA",0.2222111776,0.2217575,0.220439092309414,15000,0.95,0.180817,0.266542,NA,NA,NA,NA,NA,NA,NA
"mu[894] NA",0.2451886074,0.2447195,0.243292068505184,13923.3,0.95,0.204715,0.287161,NA,NA,NA,NA,NA,NA,NA
"mu[895] NA",0.123938022313333,0.123143,0.122922326918202,13377.8,0.95,0.0880267,0.161506,NA,NA,NA,NA,NA,NA,NA
"mu[896] NA",0.220922072866667,0.220378,0.2196793777055,15000,0.95,0.174252,0.270232,NA,NA,NA,NA,NA,NA,NA
"mu[897] NA",0.120001454033333,0.1193005,0.118925551333762,11289.2,0.95,0.0839172,0.155654,NA,NA,NA,NA,NA,NA,NA
"mu[898] NA",0.13428737522,0.1334815,0.131151539212008,10908.8,0.95,0.0959733,0.175081,NA,NA,NA,NA,NA,NA,NA
"mu[899] NA",0.3019305502,0.30156,0.299678565871392,14366,0.95,0.266557,0.337927,NA,NA,NA,NA,NA,NA,NA
"mu[900] NA",0.128288682646667,0.1274595,0.125450870630494,12752,0.95,0.0932656,0.165833,NA,NA,NA,NA,NA,NA,NA
"mu[901] NA",0.2690592144,0.268851,0.268017187348551,15000,0.95,0.237606,0.301071,NA,NA,NA,NA,NA,NA,NA
"mu[902] NA",0.253696191733333,0.2533485,0.250701158421885,15000,0.95,0.217307,0.292889,NA,NA,NA,NA,NA,NA,NA
"mu[903] NA",0.13063317034,0.1296385,0.125270632958577,11167.4,0.95,0.090795,0.171357,NA,NA,NA,NA,NA,NA,NA
"mu[904] NA",0.129490678766667,0.1287025,0.126037167804123,11258.1,0.95,0.0900777,0.171149,NA,NA,NA,NA,NA,NA,NA
"mu[905] NA",0.132655057566667,0.1316285,0.128823236348741,10968.5,0.95,0.0926007,0.174092,NA,NA,NA,NA,NA,NA,NA
"mu[906] NA",0.129462616166667,0.1285255,0.124511956046345,11308.8,0.95,0.0896814,0.169573,NA,NA,NA,NA,NA,NA,NA
"mu[907] NA",0.232082177733333,0.231885,0.230429918987154,15000,0.95,0.201109,0.263119,NA,NA,NA,NA,NA,NA,NA
"mu[908] NA",0.236193629466667,0.2360895,0.235715704477899,15000,0.95,0.208136,0.264644,NA,NA,NA,NA,NA,NA,NA
"mu[909] NA",0.127571664146667,0.126409,0.124567167243698,10308.6,0.95,0.089219,0.169309,NA,NA,NA,NA,NA,NA,NA
"mu[910] NA",0.240276137933333,0.2401825,0.242780295982692,15000,0.95,0.204433,0.275185,NA,NA,NA,NA,NA,NA,NA
"mu[911] NA",0.12813240194,0.127091,0.126798402947479,11067.7,0.95,0.0896741,0.169567,NA,NA,NA,NA,NA,NA,NA
"mu[912] NA",0.131598223646667,0.1306165,0.131360211656287,11079.2,0.95,0.0913312,0.172435,NA,NA,NA,NA,NA,NA,NA
"mu[913] NA",0.241712859933333,0.2414255,0.241159409315837,15000,0.95,0.205889,0.280307,NA,NA,NA,NA,NA,NA,NA
"mu[914] NA",0.1279749069,0.127212,0.124252318848944,11900,0.95,0.089448,0.167859,NA,NA,NA,NA,NA,NA,NA
"mu[915] NA",0.280826085933333,0.2807,0.281901412060475,15000,0.95,0.243616,0.317455,NA,NA,NA,NA,NA,NA,NA
"mu[916] NA",0.128706942806667,0.127692,0.122749941748205,11683.6,0.95,0.0928594,0.16669,NA,NA,NA,NA,NA,NA,NA
"mu[917] NA",0.2528751084,0.2526315,0.252373817727843,15000,0.95,0.208574,0.296581,NA,NA,NA,NA,NA,NA,NA
"mu[918] NA",0.134481729813333,0.133529,0.129444958111863,11925,0.95,0.0960515,0.174541,NA,NA,NA,NA,NA,NA,NA
"mu[919] NA",0.235568437666667,0.234969,0.230934856488335,15000,0.95,0.187778,0.286669,NA,NA,NA,NA,NA,NA,NA
"mu[920] NA",0.13309005282,0.1321145,0.130097497353523,10916,0.95,0.0922817,0.173517,NA,NA,NA,NA,NA,NA,NA
"mu[921] NA",0.246620198466667,0.2462745,0.24695362055155,15000,0.95,0.215917,0.275646,NA,NA,NA,NA,NA,NA,NA
"mu[922] NA",0.243924884,0.2434865,0.240295867249837,15000,0.95,0.209965,0.279652,NA,NA,NA,NA,NA,NA,NA
"mu[923] NA",0.131420834326667,0.1305065,0.12897279471944,11630.6,0.95,0.0930904,0.174155,NA,NA,NA,NA,NA,NA,NA
"mu[924] NA",0.257205024533333,0.257097,0.253376057477783,15000,0.95,0.227124,0.287333,NA,NA,NA,NA,NA,NA,NA
"mu[925] NA",0.229698443133333,0.2292435,0.2276619889963,15000,0.95,0.1891,0.267816,NA,NA,NA,NA,NA,NA,NA
"mu[926] NA",0.127619876606667,0.126548,0.123420753532422,11253.6,0.95,0.0886725,0.168994,NA,NA,NA,NA,NA,NA,NA
"mu[927] NA",0.232913765866667,0.2326175,0.231776272036934,15000,0.95,0.18818,0.278365,NA,NA,NA,NA,NA,NA,NA
"mu[928] NA",0.255166918066667,0.254775,0.253655380993103,15000,0.95,0.218117,0.294477,NA,NA,NA,NA,NA,NA,NA
"mu[929] NA",0.132452959266667,0.1317065,0.13074642451466,11421.8,0.95,0.0955825,0.170904,NA,NA,NA,NA,NA,NA,NA
"mu[930] NA",0.12980984984,0.129197,0.129831294713799,11748.5,0.95,0.091896,0.172908,NA,NA,NA,NA,NA,NA,NA
"mu[931] NA",0.139526722133333,0.138665,0.13618609344313,12060.4,0.95,0.101003,0.177624,NA,NA,NA,NA,NA,NA,NA
"mu[932] NA",0.124183417106667,0.1233325,0.121396016239507,11152.1,0.95,0.0879785,0.162577,NA,NA,NA,NA,NA,NA,NA
"mu[933] NA",0.2436369092,0.2431405,0.245340144273431,15455.8,0.95,0.199896,0.290807,NA,NA,NA,NA,NA,NA,NA
"mu[934] NA",0.2909849688,0.29078,0.289180029015073,15363.6,0.95,0.261955,0.322595,NA,NA,NA,NA,NA,NA,NA
"mu[935] NA",0.128900926,0.127985,0.125834641924665,11799.5,0.95,0.088908,0.170003,NA,NA,NA,NA,NA,NA,NA
"mu[936] NA",0.129137525893333,0.1283235,0.124176941599197,12180.7,0.95,0.0879138,0.168775,NA,NA,NA,NA,NA,NA,NA
"mu[937] NA",0.244430378533333,0.2441865,0.243176214140672,15000,0.95,0.213069,0.276269,NA,NA,NA,NA,NA,NA,NA
"mu[938] NA",0.243808891933333,0.243584,0.243836305075423,14548.4,0.95,0.209478,0.278176,NA,NA,NA,NA,NA,NA,NA
"mu[939] NA",0.261799816866667,0.2615535,0.259284010552203,15000,0.95,0.232047,0.291382,NA,NA,NA,NA,NA,NA,NA
"mu[940] NA",0.280974216333333,0.2807025,0.281854063318118,15000,0.95,0.237441,0.322115,NA,NA,NA,NA,NA,NA,NA
"mu[941] NA",0.2468484892,0.2464995,0.249156183662062,15000,0.95,0.196747,0.298311,NA,NA,NA,NA,NA,NA,NA
"mu[942] NA",0.269798034066667,0.269713,0.270688723184192,15000,0.95,0.241215,0.300418,NA,NA,NA,NA,NA,NA,NA
"mu[943] NA",0.135027339493333,0.134061,0.132936482329049,10492,0.95,0.0986536,0.175029,NA,NA,NA,NA,NA,NA,NA
"mu[944] NA",0.131303564126667,0.130507,0.130951599949761,11471.7,0.95,0.091161,0.172398,NA,NA,NA,NA,NA,NA,NA
"mu[945] NA",0.274537224533333,0.274397,0.273916148227261,14292.5,0.95,0.24424,0.304309,NA,NA,NA,NA,NA,NA,NA
"mu[946] NA",0.140944511213333,0.139947,0.138843159687799,13471.2,0.95,0.102994,0.179082,NA,NA,NA,NA,NA,NA,NA
"mu[947] NA",0.121237692926667,0.120343,0.118967890772969,10602.6,0.95,0.0857024,0.157325,NA,NA,NA,NA,NA,NA,NA
"mu[948] NA",0.266269698133333,0.2661825,0.268241376243867,15567.5,0.95,0.236726,0.296786,NA,NA,NA,NA,NA,NA,NA
"omega[1] 1st Base",0.252359062466667,0.252333,0.251998949225104,14009.4,0.95,0.243557,0.261187,NA,NA,NA,NA,NA,NA,NA
"omega[2] 2nd Base",0.249025678666667,0.24904,0.248880563218996,13557,0.95,0.239546,0.258464,NA,NA,NA,NA,NA,NA,NA
"omega[3] 3rd Base",0.256859265466667,0.256938,0.257794164821911,13172.3,0.95,0.247586,0.265879,NA,NA,NA,NA,NA,NA,NA
"omega[4] Catcher",0.239654323733333,0.239604,0.238994922962647,12205.2,0.95,0.231035,0.248493,NA,NA,NA,NA,NA,NA,NA
"omega[5] Center Field",0.257341824,0.2573415,0.257170455177135,13772.3,0.95,0.247693,0.267357,NA,NA,NA,NA,NA,NA,NA
"omega[6] Left Field",0.250213753066667,0.250225,0.24989760825617,12743.6,0.95,0.241497,0.258557,NA,NA,NA,NA,NA,NA,NA
"omega[7] Pitcher",0.127169299133333,0.1270565,0.126907524509097,2267.4,0.95,0.117243,0.137589,NA,NA,NA,NA,NA,NA,NA
"omega[8] Right Field",0.2578997188,0.257906,0.257817511683435,14139.9,0.95,0.247789,0.267598,NA,NA,NA,NA,NA,NA,NA
"omega[9] Shortstop",0.247662233666667,0.24769,0.248113930160081,13546.8,0.95,0.23794,0.257661,NA,NA,NA,NA,NA,NA,NA
"kappa",276.536506333333,273.869,267.440989544909,5728.6,0.95,213.935,348.277,NA,NA,NA,NA,NA,NA,NA
"b0",-1.184495686,-1.18443,-1.18489677727626,5508.1,0.95,-1.20376,-1.16509,NA,NA,NA,NA,NA,NA,NA
"b[1] 1st Base",0.0982870090866667,0.0984648,0.0993055431478776,12236.5,0.95,0.0540923,0.1431,NA,NA,NA,NA,NA,NA,NA
"b[2] 2nd Base",0.0805109649662,0.08081095,0.0829416651445928,11492.9,0.95,0.0310631,0.127809,NA,NA,NA,NA,NA,NA,NA
"b[3] 3rd Base",0.121993443546667,0.1222685,0.12320187216569,9617,0.95,0.0768584,0.168716,NA,NA,NA,NA,NA,NA,NA
"b[4] Catcher",0.0297628390449793,0.0298786,0.0266071343101198,9378.4,0.95,-0.0165561,0.0750494,NA,NA,NA,NA,NA,NA,NA
"b[5] Center Field",0.12449722002,0.12463,0.127560869900205,11756.1,0.95,0.077013,0.174795,NA,NA,NA,NA,NA,NA,NA
"b[6] Left Field",0.0868873126686667,0.08686045,0.0856452656192727,11729.2,0.95,0.0441431,0.131538,NA,NA,NA,NA,NA,NA,NA
"b[7] Pitcher",-0.742537656333333,-0.7429265,-0.744290625506694,2335.9,0.95,-0.827347,-0.66342,NA,NA,NA,NA,NA,NA,NA
"b[8] Right Field",0.127412168093333,0.1275215,0.130853667413981,13062.7,0.95,0.0779646,0.175346,NA,NA,NA,NA,NA,NA,NA
"b[9] Shortstop",0.0731866997103533,0.0734598,0.0761854263523323,12990.1,0.95,0.0212235,0.122883,NA,NA,NA,NA,NA,NA,NA
"b:Pitcher.v.Catcher",-0.772300495378313,-0.772549,-0.769860325848276,2602.1,0.95,-0.8736949,-0.6691496,0,0,NA,NA,NA,NA,NA
"omega:Pitcher.v.Catcher",-0.1124850246,-0.1125755,-0.112452576773154,3262.3,0.95,-0.12573,-0.099254,0,0,NA,NA,NA,NA,NA
"b:Catcher.v.1st Base",-0.0685241700416873,-0.06880235,-0.0696443570527289,13166.5,0.95,-0.13634297,-0.0040367,0,2.28666666666667,NA,NA,NA,NA,NA
"omega:Catcher.v.1st Base",-0.0127047387333333,-0.012752,-0.0130643380416213,13200.2,0.95,-0.025178,-0.000689000000000023,0,2.28666666666667,NA,NA,NA,NA,NA
