"","Mean","Median","Mode","ESS","HDImass","HDIlow","HDIhigh","CompVal","PcntGtCompVal","ROPElow","ROPEhigh","PcntLtROPE","PcntInROPE","PcntGtROPE"
"b0",123223.801066667,123265,123649.397394047,2599.7,0.95,120064,126266,NA,NA,NA,NA,NA,NA,NA
"b1[1] Assis",-41826.9687666667,-41873.05,-42322.4315171407,2286.9,0.95,-44992.3,-38669.3,NA,NA,NA,NA,NA,NA,NA
"b1[2] Assoc",-29476.9967133333,-29498.3,-29497.1680345918,2249.6,0.95,-32746.1,-26238,NA,NA,NA,NA,NA,NA,NA
"b1[3] Full",-1824.82987331876,-1850.395,-1806.18197531601,2689.3,0.95,-5452.86,1885.47,NA,NA,NA,NA,NA,NA,NA
"b1[4] Endow",22933.8836333333,22866.1,22373.1895539621,2585.5,0.95,17636.5,28654.2,NA,NA,NA,NA,NA,NA,NA
"b1[5] Disting",50194.9125266667,50349.75,50771.2161498397,2213,0.95,38862.6,61533,NA,NA,NA,NA,NA,NA,NA
"b2[1] ACTG",96712.2768533333,96934.2,97516.9131835109,2582.6,0.95,88746.3,104306,NA,NA,NA,NA,NA,NA,NA
"b2[2] AFRO",-13434.473979824,-13455.95,-13796.029733842,13036.5,0.95,-24805.4,-2466.76,NA,NA,NA,NA,NA,NA,NA
"b2[3] AMST",-17949.3859350667,-17967.95,-17963.1557899199,1892.2,0.95,-24174.2,-10654.4,NA,NA,NA,NA,NA,NA,NA
"b2[4] ANTH",-19556.8125986667,-19540.85,-19364.3542479808,4007.4,0.95,-26766.7,-12437.4,NA,NA,NA,NA,NA,NA,NA
"b2[5] APHS",-3505.862699904,-3581.27,-3739.25043166096,1967.7,0.95,-9467.7,2858.67,NA,NA,NA,NA,NA,NA,NA
"b2[6] AST",-11775.826796144,-12042.55,-12212.2715499012,2231.5,0.95,-20733.3,-2890.82,NA,NA,NA,NA,NA,NA,NA
"b2[7] BEPP",48198.76238,48394.4,47896.4450591084,14.2,0.95,38766.3,57390.4,NA,NA,NA,NA,NA,NA,NA
"b2[8] BFIN",116207.518966667,116301.5,116953.970841534,8457.8,0.95,108564,124394,NA,NA,NA,NA,NA,NA,NA
"b2[9] BI",-4469.997744844,-4534.995,-4563.56095624754,215.5,0.95,-8815.74,277.642,NA,NA,NA,NA,NA,NA,NA
"b2[10] BLAN",20578.448255,20623.65,21257.4024104019,9017.5,0.95,12708.1,28045.7,NA,NA,NA,NA,NA,NA,NA
"b2[11] CEDP",-16259.3099326667,-16272.7,-16321.2792772818,6578.8,0.95,-21844.6,-10920,NA,NA,NA,NA,NA,NA,NA
"b2[12] CEUS",-14423.2990101067,-14513.65,-14647.41142173,12379,0.95,-24510.5,-3401.07,NA,NA,NA,NA,NA,NA,NA
"b2[13] CHEM",10628.57447052,10539.95,10646.701603735,1911.8,0.95,3739,18378,NA,NA,NA,NA,NA,NA,NA
"b2[14] CMCL",-18315.5577033333,-18363.7,-18518.3741166263,4488.4,0.95,-24604.9,-11283.7,NA,NA,NA,NA,NA,NA,NA
"b2[15] CMLT",-21870.0332973333,-21895.1,-22122.4586296135,8622.9,0.95,-29583.5,-14710.8,NA,NA,NA,NA,NA,NA,NA
"b2[16] CRIN",-21047.40422,-21067.7,-21095.2167454784,3753.2,0.95,-25020.1,-16769.5,NA,NA,NA,NA,NA,NA,NA
"b2[17] CSCI",13674.6245146667,13691.3,13616.7074679422,3251.4,0.95,8095.81,19289.5,NA,NA,NA,NA,NA,NA,NA
"b2[18] EALC",-18780.96683,-18808.95,-19433.930960525,5437.1,0.95,-24510.7,-12958,NA,NA,NA,NA,NA,NA,NA
"b2[19] ECON",41999.9334,41627.65,40821.2939877328,2247.5,0.95,30188.7,54815.6,NA,NA,NA,NA,NA,NA,NA
"b2[20] ELPS",-11302.36860114,-11397.85,-11853.9936082362,9639.4,0.95,-19410.2,-3505.5,NA,NA,NA,NA,NA,NA,NA
"b2[21] ENG",-16230.8149373333,-16209.35,-15967.2327408683,4455.8,0.95,-21250.1,-11359.6,NA,NA,NA,NA,NA,NA,NA
"b2[22] FINH",-21336.0179706667,-21332.15,-21513.3603147068,3694,0.95,-28754.7,-14096.7,NA,NA,NA,NA,NA,NA,NA
"b2[23] FINS",-18287.308996,-18221.45,-17940.8568865053,5715.1,0.95,-26009,-10760.8,NA,NA,NA,NA,NA,NA,NA
"b2[24] FOLK",-20403.60676,-20361.25,-20207.6831723804,6265,0.95,-26949.4,-13744.2,NA,NA,NA,NA,NA,NA,NA
"b2[25] FRIT",-18613.2514682467,-18557.5,-18137.401945436,8886.8,0.95,-27741.7,-9781.99,NA,NA,NA,NA,NA,NA,NA
"b2[26] GEOG",-10068.8864306933,-10183.6,-9849.02915567509,7922,0.95,-18142.2,-1101.35,NA,NA,NA,NA,NA,NA,NA
"b2[27] GEOL",-12006.8009082,-11980.9,-11659.142337692,2944.8,0.95,-17716.8,-6063.47,NA,NA,NA,NA,NA,NA,NA
"b2[28] GERM",-23903.3101938667,-23908.55,-24375.9996367593,7835.3,0.95,-34717.5,-13019,NA,NA,NA,NA,NA,NA,NA
"b2[29] HIST",-11961.6846631333,-11930.7,-11665.2251631229,5296.1,0.95,-17033.5,-7023.24,NA,NA,NA,NA,NA,NA,NA
"b2[30] INFO",11067.46815504,11057.9,10960.9546001763,8951.6,0.95,4386.21,17581.7,NA,NA,NA,NA,NA,NA,NA
"b2[31] JOUR",-13497.5288008,-13518.4,-13589.400024179,3568.4,0.95,-19345.1,-7750.47,NA,NA,NA,NA,NA,NA,NA
"b2[32] KINE",-7912.58963555267,-7916.91,-7793.56132703242,10274.4,0.95,-14280.5,-1574.79,NA,NA,NA,NA,NA,NA,NA
"b2[33] LAWS",48297.2550266667,48419.25,48815.6426347329,427.2,0.95,41415.2,55029,NA,NA,NA,NA,NA,NA,NA
"b2[34] LGED",-19996.846106,-20032.8,-20350.9614266144,1593.1,0.95,-25940.7,-13946.4,NA,NA,NA,NA,NA,NA,NA
"b2[35] LING",-12994.752119868,-12959.95,-13003.8133155994,9248.3,0.95,-22201.9,-3502.58,NA,NA,NA,NA,NA,NA,NA
"b2[36] MATH",-8118.211344872,-8068.21,-7905.47566498625,4010.8,0.95,-13717.8,-2486.88,NA,NA,NA,NA,NA,NA,NA
"b2[37] MGMT",64975.38596,65064.25,65127.2696157526,2940.4,0.95,57077.3,72392.2,NA,NA,NA,NA,NA,NA,NA
"b2[38] MKTG",73187.9947733333,73229.85,73355.5245429351,1636.3,0.95,65818.7,80232.7,NA,NA,NA,NA,NA,NA,NA
"b2[39] MUHI",-26227.2926546667,-26207.7,-26174.3332430012,9401.4,0.95,-34489.1,-18570.3,NA,NA,NA,NA,NA,NA,NA
"b2[40] MUIN",-19321.095388,-19367.45,-19355.1494734991,7908.8,0.95,-25811.5,-12626.4,NA,NA,NA,NA,NA,NA,NA
"b2[41] MUST",2113.68121839473,2181.435,2219.83050026663,8499.4,0.95,-10624,15105.4,NA,NA,NA,NA,NA,NA,NA
"b2[42] MUTH",-27433.3010066667,-27420.45,-27414.4924505203,9689.5,0.95,-34975.5,-20145.6,NA,NA,NA,NA,NA,NA,NA
"b2[43] MUVO",-21798.1152219333,-21655.25,-21763.9136914141,9368.1,0.95,-33065.2,-10427.1,NA,NA,NA,NA,NA,NA,NA
"b2[44] OADT",66179.8115533333,66305.9,66190.3138478294,5104,0.95,58612.4,73862.7,NA,NA,NA,NA,NA,NA,NA
"b2[45] OPT",-12785.472584,-12753.4,-12329.5173783219,2251.7,0.95,-18035,-7371.11,NA,NA,NA,NA,NA,NA,NA
"b2[46] PHYS",-557.697647055733,-575.719,-967.207073298063,1784.2,0.95,-5896.64,4701.68,NA,NA,NA,NA,NA,NA,NA
"b2[47] PL",-13068.70230356,-13302.9,-14091.5305480178,12232.8,0.95,-21896.9,-3604.59,NA,NA,NA,NA,NA,NA,NA
"b2[48] POLS",1478.0457077882,1302.395,1042.33226340937,3630,0.95,-5956.47,9341.65,NA,NA,NA,NA,NA,NA,NA
"b2[49] PSY",-3190.83538704529,-3227.54,-3577.35441082449,6797.7,0.95,-9066.8,3033.31,NA,NA,NA,NA,NA,NA,NA
"b2[50] REL",-17844.060856,-17899.2,-18044.5980118219,1076.8,0.95,-23857.4,-12308.2,NA,NA,NA,NA,NA,NA,NA
"b2[51] RPAD",-2941.4667419014,-2895.925,-2566.21538568743,5665.8,0.95,-9471.62,3927.9,NA,NA,NA,NA,NA,NA,NA
"b2[52] SLIS",5448.2953158804,5361.595,5245.05582987677,7164.5,0.95,-654.428,12083.9,NA,NA,NA,NA,NA,NA,NA
"b2[53] SLS",-24278.469368,-24349.1,-24462.3844222374,2691,0.95,-30958.2,-17503.5,NA,NA,NA,NA,NA,NA,NA
"b2[54] SOC",-5683.40812813933,-5689.285,-5858.46828512769,1856,0.95,-10893.4,-534.178,NA,NA,NA,NA,NA,NA,NA
"b2[55] SPAN",-19112.0010626667,-19158.75,-19103.3644453243,5108.6,0.95,-24258.8,-13445.3,NA,NA,NA,NA,NA,NA,NA
"b2[56] SPEA",13582.5412978667,13562.75,13646.0473986018,8949.4,0.95,7968.61,19568.5,NA,NA,NA,NA,NA,NA,NA
"b2[57] SPHS",-63.8425359236,-57.91755,28.2025310769968,6490,0.95,-6095.26,6228.44,NA,NA,NA,NA,NA,NA,NA
"b2[58] STAT",3301.55648373235,2940.605,2119.56024277983,3922.4,0.95,-6788.98,14037.7,NA,NA,NA,NA,NA,NA,NA
"b2[59] TELC",-11267.8168613793,-11280.95,-11167.1111817282,5470.8,0.95,-18198.4,-4101.25,NA,NA,NA,NA,NA,NA,NA
"b2[60] THTR",-24035.6904666667,-24048,-24029.7163139105,2331.5,0.95,-30535.7,-18059.1,NA,NA,NA,NA,NA,NA,NA
"b1b2[1,1] Assis ACTG",4518.86105389413,4356.03,4700.31815689049,2511.3,0.95,-2583.91,12126.5,NA,NA,NA,NA,NA,NA,NA
"b1b2[2,1] Assoc ACTG",4248.89200733933,4399.075,4920.18877213092,5248.3,0.95,-4343.55,12255.1,NA,NA,NA,NA,NA,NA,NA
"b1b2[3,1] Full ACTG",-3694.18221136933,-3608.385,-3678.48991181106,6464.1,0.95,-12805.6,5413.16,NA,NA,NA,NA,NA,NA,NA
"b1b2[4,1] Endow ACTG",-4435.30096637393,-4432.505,-4653.38300302133,5882.8,0.95,-13310.1,3986.69,NA,NA,NA,NA,NA,NA,NA
"b1b2[5,1] Disting ACTG",-638.269878075487,-546.8005,-609.120342574184,12653.3,0.95,-10647.2,8192.04,NA,NA,NA,NA,NA,NA,NA
"b1b2[1,2] Assis AFRO",242.3708230604,195.5515,212.119220278324,13233.9,0.95,-9100.35,10083,NA,NA,NA,NA,NA,NA,NA
"b1b2[2,2] Assoc AFRO",-458.200327046067,-454.03,-555.508241523075,11697.5,0.95,-8481.37,7695.46,NA,NA,NA,NA,NA,NA,NA
"b1b2[3,2] Full AFRO",94.9446318509333,94.5203,-625.285545402065,14884.3,0.95,-7988.64,8510.68,NA,NA,NA,NA,NA,NA,NA
"b1b2[4,2] Endow AFRO",47.1418795861333,-23.21865,-696.646587805495,13994.7,0.95,-9174.92,9640.42,NA,NA,NA,NA,NA,NA,NA
"b1b2[5,2] Disting AFRO",73.742898726,58.5152,-196.826488699968,15000,0.95,-9028.28,9878.92,NA,NA,NA,NA,NA,NA,NA
"b1b2[1,3] Assis AMST",-222.30067007886,-254.713,-659.302541390016,3884.6,0.95,-6962.82,6496.9,NA,NA,NA,NA,NA,NA,NA
"b1b2[2,3] Assoc AMST",-39.3078383229907,6.063005,358.355861615448,1903.3,0.95,-6567.35,6535.29,NA,NA,NA,NA,NA,NA,NA
"b1b2[3,3] Full AMST",103.044582368,130.2285,65.4826608052135,7604.8,0.95,-9194.59,9622.81,NA,NA,NA,NA,NA,NA,NA
"b1b2[4,3] Endow AMST",80.8174077328,70.67075,-91.2546674011792,8001.1,0.95,-9148.31,9753.74,NA,NA,NA,NA,NA,NA,NA
"b1b2[5,3] Disting AMST",77.7466581673333,49.8196,113.158998638108,8186.8,0.95,-9498.82,9239.24,NA,NA,NA,NA,NA,NA,NA
"b1b2[1,4] Assis ANTH",3084.07171089307,3186.415,3346.81851760248,8414.4,0.95,-6019.19,11812.9,NA,NA,NA,NA,NA,NA,NA
"b1b2[2,4] Assoc ANTH",1344.61692772247,1306.925,1265.50642938225,4047.5,0.95,-5136.41,8603.21,NA,NA,NA,NA,NA,NA,NA
"b1b2[3,4] Full ANTH",-2059.55957568993,-2083.24,-2506.13914096994,12872.3,0.95,-9967.63,5080.07,NA,NA,NA,NA,NA,NA,NA
"b1b2[4,4] Endow ANTH",-2487.6426864944,-2541.025,-2042.20254767202,11739.2,0.95,-11277.6,6445.44,NA,NA,NA,NA,NA,NA,NA
"b1b2[5,4] Disting ANTH",118.513588612947,136.6125,370.936650666965,11999.6,0.95,-9242.59,9559.03,NA,NA,NA,NA,NA,NA,NA
"b1b2[1,5] Assis APHS",-3574.11961972332,-3476.405,-3212.63507724936,1977.1,0.95,-9789,2459.17,NA,NA,NA,NA,NA,NA,NA
"b1b2[2,5] Assoc APHS",1247.9636396434,1281.355,1250.99920511253,2618.2,0.95,-4907.78,7413.33,NA,NA,NA,NA,NA,NA,NA
"b1b2[3,5] Full APHS",2333.88681171413,2262.445,1987.47437738204,6111.8,0.95,-6817.66,11461.2,NA,NA,NA,NA,NA,NA,NA
"b1b2[4,5] Endow APHS",43.0950176889333,82.36165,292.999043731215,7678.9,0.95,-9491.03,9236.12,NA,NA,NA,NA,NA,NA,NA
"b1b2[5,5] Disting APHS",-50.8259524066,-57.846,-220.884224946069,7117,0.95,-9293.85,9581.85,NA,NA,NA,NA,NA,NA,NA
"b1b2[1,6] Assis AST",-91.4292743258467,-109.4985,-682.431291514753,12728.5,0.95,-8022.56,7675.64,NA,NA,NA,NA,NA,NA,NA
"b1b2[2,6] Assoc AST",-2101.92861358524,-2039.975,-2035.48321922323,2318.8,0.95,-9865.43,5575.62,NA,NA,NA,NA,NA,NA,NA
"b1b2[3,6] Full AST",853.437973965493,801.3965,669.41830243836,13181,0.95,-7511.18,9850.41,NA,NA,NA,NA,NA,NA,NA
"b1b2[4,6] Endow AST",1326.97655993887,1200.185,958.44687797609,7609.5,0.95,-8085.88,11003.2,NA,NA,NA,NA,NA,NA,NA
"b1b2[5,6] Disting AST",12.9431947472,6.892095,-64.6176537866959,10180,0.95,-9737.79,9234.31,NA,NA,NA,NA,NA,NA,NA
"b1b2[1,7] Assis BEPP",-1192.19402779987,-1403.855,-443.363959958504,12.2,0.95,-10813,7573.62,NA,NA,NA,NA,NA,NA,NA
"b1b2[2,7] Assoc BEPP",1256.1258826198,1208.675,1104.76389391656,946.5,0.95,-6065.4,8612.25,NA,NA,NA,NA,NA,NA,NA
"b1b2[3,7] Full BEPP",-241.9691463488,-203.749,-316.339312034503,402,0.95,-10372.1,9457.19,NA,NA,NA,NA,NA,NA,NA
"b1b2[4,7] Endow BEPP",342.507234932667,387.6965,588.943798820634,587.6,0.95,-9080.14,10127.8,NA,NA,NA,NA,NA,NA,NA
"b1b2[5,7] Disting BEPP",-164.469991908333,-152.041,-855.856372272927,340.6,0.95,-9902.15,9861.26,NA,NA,NA,NA,NA,NA,NA
"b1b2[1,8] Assis BFIN",-190.03494881272,-250.278,-361.057805580616,10368.8,0.95,-7435.52,7013.94,NA,NA,NA,NA,NA,NA,NA
"b1b2[2,8] Assoc BFIN",4184.027810211,4147.73,4819.46280945048,5002.1,0.95,-3248.02,11744.2,NA,NA,NA,NA,NA,NA,NA
"b1b2[3,8] Full BFIN",-41.6994248243333,-34.95855,-363.762798735308,13563.5,0.95,-9478.73,8988.61,NA,NA,NA,NA,NA,NA,NA
"b1b2[4,8] Endow BFIN",-3234.80867927029,-3152.49,-3071.4195739185,4941.5,0.95,-12263.3,5497.06,NA,NA,NA,NA,NA,NA,NA
"b1b2[5,8] Disting BFIN",-717.484626703807,-712.685,-1061.13140133339,12978.7,0.95,-10316.1,8716.46,NA,NA,NA,NA,NA,NA,NA
"b1b2[1,9] Assis BI",17.0102143722667,77.056,204.732078006395,187.5,0.95,-4570.83,4538.52,NA,NA,NA,NA,NA,NA,NA
"b1b2[2,9] Assoc BI",-1446.02893234533,-1408.765,-1442.19190453252,1854.7,0.95,-7083.76,4154.13,NA,NA,NA,NA,NA,NA,NA
"b1b2[3,9] Full BI",1517.75520453965,1550.925,1987.83070615179,13915.2,0.95,-5609.83,8257.23,NA,NA,NA,NA,NA,NA,NA
"b1b2[4,9] Endow BI",-2205.05128841753,-2393.94,-2878.71000105827,2272.2,0.95,-9767.91,6601.62,NA,NA,NA,NA,NA,NA,NA
"b1b2[5,9] Disting BI",2116.31473350171,2043.645,782.439778644843,1250.8,0.95,-6556,10962.9,NA,NA,NA,NA,NA,NA,NA
"b1b2[1,10] Assis BLAN",2695.4445590568,2690.15,2574.33837929409,9830.1,0.95,-4877.81,10294.9,NA,NA,NA,NA,NA,NA,NA
"b1b2[2,10] Assoc BLAN",355.540045142467,339.499,45.7638259163759,11949.8,0.95,-7009.04,7422.24,NA,NA,NA,NA,NA,NA,NA
"b1b2[3,10] Full BLAN",-123.081704236933,-103.5275,59.659789025296,14464.9,0.95,-7435.09,7889.49,NA,NA,NA,NA,NA,NA,NA
"b1b2[4,10] Endow BLAN",-2828.73188980973,-2885.245,-2976.63397115436,8690.5,0.95,-11710.1,6165.19,NA,NA,NA,NA,NA,NA,NA
"b1b2[5,10] Disting BLAN",-99.17113623294,-69.26265,176.053766231405,13634.8,0.95,-9570.24,9168.42,NA,NA,NA,NA,NA,NA,NA
"b1b2[1,11] Assis CEDP",1671.76514210902,1648.615,1692.04861122881,10341.4,0.95,-4261.09,7543.26,NA,NA,NA,NA,NA,NA,NA
"b1b2[2,11] Assoc CEDP",-1500.19123397213,-1488.465,-1555.15304721206,7335.3,0.95,-6872.37,4249.95,NA,NA,NA,NA,NA,NA,NA
"b1b2[3,11] Full CEDP",-431.642670537733,-406.9995,108.824336688038,14574.1,0.95,-7233.56,6104.71,NA,NA,NA,NA,NA,NA,NA
"b1b2[4,11] Endow CEDP",128.866379580127,122.472,180.624392431397,11713,0.95,-9153.98,9568.89,NA,NA,NA,NA,NA,NA,NA
"b1b2[5,11] Disting CEDP",131.2023028926,84.98595,2.50498956508454,10982.4,0.95,-9089.76,9796.09,NA,NA,NA,NA,NA,NA,NA
"b1b2[1,12] Assis CEUS",-602.817723938,-646.0535,-575.548470667662,13028.5,0.95,-8923.87,7346.94,NA,NA,NA,NA,NA,NA,NA
"b1b2[2,12] Assoc CEUS",1531.30621901047,1559.16,2033.3661279094,15000,0.95,-6897.56,9421.33,NA,NA,NA,NA,NA,NA,NA
"b1b2[3,12] Full CEUS",416.9166307824,387.3925,422.754070970375,15000,0.95,-7840.34,8985.25,NA,NA,NA,NA,NA,NA,NA
"b1b2[4,12] Endow CEUS",-1451.28331256913,-1360.925,-460.80217749608,13225.2,0.95,-11212.9,8066.01,NA,NA,NA,NA,NA,NA,NA
"b1b2[5,12] Disting CEUS",105.87823644,99.3861,-305.083353994873,14442.7,0.95,-9054.14,9720.25,NA,NA,NA,NA,NA,NA,NA
"b1b2[1,13] Assis CHEM",-9128.12882379333,-9001.295,-8532.48941060049,1770.9,0.95,-16378.6,-1923.31,NA,NA,NA,NA,NA,NA,NA
"b1b2[2,13] Assoc CHEM",871.85384278926,949.7265,1422.45803489186,9488.9,0.95,-6201.57,8452.02,NA,NA,NA,NA,NA,NA,NA
"b1b2[3,13] Full CHEM",5131.13221008747,5022.75,4973.34269424111,4120.7,0.95,-3460.79,14318.6,NA,NA,NA,NA,NA,NA,NA
"b1b2[4,13] Endow CHEM",2601.32737275133,2529.065,2473.62043066422,10098.3,0.95,-6586.15,11409.2,NA,NA,NA,NA,NA,NA,NA
"b1b2[5,13] Disting CHEM",523.8152899408,484.63,-71.9310594382805,10439.2,0.95,-8353.43,10056,NA,NA,NA,NA,NA,NA,NA
"b1b2[1,14] Assis CMCL",-2819.98404946967,-2802.94,-2350.09337437036,5820.4,0.95,-9287.81,3757.39,NA,NA,NA,NA,NA,NA,NA
"b1b2[2,14] Assoc CMCL",697.051302480067,736.9985,1321.48268712059,5428.8,0.95,-5824.01,7050.43,NA,NA,NA,NA,NA,NA,NA
"b1b2[3,14] Full CMCL",1962.39724109294,1891.29,1369.83705319112,11478.1,0.95,-7098.47,10944.1,NA,NA,NA,NA,NA,NA,NA
"b1b2[4,14] Endow CMCL",78.2957787711333,38.96125,-461.326389827434,10800.2,0.95,-9576.88,9322.73,NA,NA,NA,NA,NA,NA,NA
"b1b2[5,14] Disting CMCL",82.2397218261533,77.09845,461.145249349796,11107.6,0.95,-9674,9333.4,NA,NA,NA,NA,NA,NA,NA
"b1b2[1,15] Assis CMLT",2118.66956416227,2181.225,2623.4350996569,11843.8,0.95,-5037.21,9343.15,NA,NA,NA,NA,NA,NA,NA
"b1b2[2,15] Assoc CMLT",-1061.45784608293,-1106.135,-1522.23636841968,10735.7,0.95,-8136.58,5997.56,NA,NA,NA,NA,NA,NA,NA
"b1b2[3,15] Full CMLT",-1259.2257604446,-1261.905,-1272.70748997958,15000,0.95,-9208.27,6758.3,NA,NA,NA,NA,NA,NA,NA
"b1b2[4,15] Endow CMLT",111.1805007598,130.553,-70.6211801833124,13875.1,0.95,-9116.01,9709.54,NA,NA,NA,NA,NA,NA,NA
"b1b2[5,15] Disting CMLT",90.8337780032667,79.485,139.257511328506,12583.5,0.95,-9011.3,9729.82,NA,NA,NA,NA,NA,NA,NA
"b1b2[1,16] Assis CRIN",3804.08588854229,3807.62,3752.31748716458,3783,0.95,-613.283,8293.91,NA,NA,NA,NA,NA,NA,NA
"b1b2[2,16] Assoc CRIN",1660.97369851173,1661.91,1698.09665827167,4111.7,0.95,-2733.48,6283.1,NA,NA,NA,NA,NA,NA,NA
"b1b2[3,16] Full CRIN",-2487.957704672,-2512.475,-2490.17346925348,11620.1,0.95,-8171.3,2878.82,NA,NA,NA,NA,NA,NA,NA
"b1b2[4,16] Endow CRIN",-3023.81326379042,-3104.525,-3082.7051811805,6887.4,0.95,-10581.2,4574.81,NA,NA,NA,NA,NA,NA,NA
"b1b2[5,16] Disting CRIN",46.7113080323333,47.6245,75.0437254856661,6437.9,0.95,-9531.43,9668.82,NA,NA,NA,NA,NA,NA,NA
"b1b2[1,17] Assis CSCI",-491.962888840533,-495.365,-442.062445451695,3214.1,0.95,-6185.69,5124.56,NA,NA,NA,NA,NA,NA,NA
"b1b2[2,17] Assoc CSCI",1616.09795040427,1637.675,1707.57942875015,7359.1,0.95,-4591.84,7571.4,NA,NA,NA,NA,NA,NA,NA
"b1b2[3,17] Full CSCI",-935.555881735533,-952.395,-1086.80064260816,13951.3,0.95,-7890.71,6235.54,NA,NA,NA,NA,NA,NA,NA
"b1b2[4,17] Endow CSCI",-88.260785539,-126.8925,-106.569101811387,9637.2,0.95,-9567.96,9458.29,NA,NA,NA,NA,NA,NA,NA
"b1b2[5,17] Disting CSCI",-100.3184504262,-72.1349,153.552262444839,7695.5,0.95,-9736.74,9383.78,NA,NA,NA,NA,NA,NA,NA
"b1b2[1,18] Assis EALC",924.446597235133,925.1355,811.90732213143,6141.2,0.95,-4717.63,7060.92,NA,NA,NA,NA,NA,NA,NA
"b1b2[2,18] Assoc EALC",-1393.52919319807,-1415.715,-1698.98124772837,7155.3,0.95,-7395.31,4546.02,NA,NA,NA,NA,NA,NA,NA
"b1b2[3,18] Full EALC",352.9746836602,322.5525,434.231726169313,17084,0.95,-7053.33,7638.91,NA,NA,NA,NA,NA,NA,NA
"b1b2[4,18] Endow EALC",67.1228807676,66.6734,343.62507049333,12083.1,0.95,-9131.61,10109,NA,NA,NA,NA,NA,NA,NA
"b1b2[5,18] Disting EALC",48.9852021326733,115.544,284.519363908461,10900.3,0.95,-9452.22,9443.75,NA,NA,NA,NA,NA,NA,NA
"b1b2[1,19] Assis ECON",-7509.41910022967,-7205.91,-5871.43379194534,1678.6,0.95,-18029.7,2212.12,NA,NA,NA,NA,NA,NA,NA
"b1b2[2,19] Assoc ECON",4081.21552771207,3819.29,3095.39248613496,3233.4,0.95,-5736.02,14509.5,NA,NA,NA,NA,NA,NA,NA
"b1b2[3,19] Full ECON",2674.66085989627,2636.5,2502.5329719773,10754.3,0.95,-6231.16,11357.3,NA,NA,NA,NA,NA,NA,NA
"b1b2[4,19] Endow ECON",1061.29221558847,940.953,640.416089590635,11365.3,0.95,-8645.7,10484.5,NA,NA,NA,NA,NA,NA,NA
"b1b2[5,19] Disting ECON",-307.749226624267,-280.958,566.778389722691,13645.6,0.95,-9763.25,9027.14,NA,NA,NA,NA,NA,NA,NA
"b1b2[1,20] Assis ELPS",-1288.44039436027,-1290.08,-1476.70254262573,10794,0.95,-8639.13,5930.75,NA,NA,NA,NA,NA,NA,NA
"b1b2[2,20] Assoc ELPS",-135.0836098668,-130.7255,-101.47443077635,13357.4,0.95,-7434.82,7288.78,NA,NA,NA,NA,NA,NA,NA
"b1b2[3,20] Full ELPS",1307.01983417853,1280.65,999.868086151127,14220.6,0.95,-7738.08,9901.62,NA,NA,NA,NA,NA,NA,NA
"b1b2[4,20] Endow ELPS",-7.36497728233333,-14.0739,118.723111122679,16253.8,0.95,-9848.18,9210.81,NA,NA,NA,NA,NA,NA,NA
"b1b2[5,20] Disting ELPS",123.869155087867,160.6245,579.85898369837,14021.4,0.95,-9066.35,9515.76,NA,NA,NA,NA,NA,NA,NA
"b1b2[1,21] Assis ENG",-277.613429475533,-312.4365,-457.169946502796,5259.7,0.95,-5477.34,4969.35,NA,NA,NA,NA,NA,NA,NA
"b1b2[2,21] Assoc ENG",593.059481871367,572.697,1335.14640933581,5307.6,0.95,-4656.83,5743.84,NA,NA,NA,NA,NA,NA,NA
"b1b2[3,21] Full ENG",3433.31304651067,3358.665,3122.02296981018,9097.6,0.95,-3215.59,9843.5,NA,NA,NA,NA,NA,NA,NA
"b1b2[4,21] Endow ENG",-3909.56204559673,-3787.18,-3950.64576249666,3877.6,0.95,-13688.2,5513.54,NA,NA,NA,NA,NA,NA,NA
"b1b2[5,21] Disting ENG",160.8029453884,180.1445,814.923555441364,10747.9,0.95,-9314.88,9103.22,NA,NA,NA,NA,NA,NA,NA
"b1b2[1,22] Assis FINH",1666.63591641787,1587.67,1268.89366366059,4040.3,0.95,-5387.51,8551.56,NA,NA,NA,NA,NA,NA,NA
"b1b2[2,22] Assoc FINH",766.5049610466,768.6435,809.932784196993,6529.5,0.95,-6001.71,7696.56,NA,NA,NA,NA,NA,NA,NA
"b1b2[3,22] Full FINH",-2599.75672607893,-2542.005,-2206.18730578094,6603.5,0.95,-12152.3,7165.35,NA,NA,NA,NA,NA,NA,NA
"b1b2[4,22] Endow FINH",115.002043040353,110.9715,47.4715405871139,12358.4,0.95,-9816.57,9133.2,NA,NA,NA,NA,NA,NA,NA
"b1b2[5,22] Disting FINH",51.6138526073333,60.6706,179.528842785294,11466.7,0.95,-9839.34,9346.97,NA,NA,NA,NA,NA,NA,NA
"b1b2[1,23] Assis FINS",95.1844758,71.2519,-17.7450206269968,13336.1,0.95,-7682.34,7464.19,NA,NA,NA,NA,NA,NA,NA
"b1b2[2,23] Assoc FINS",-2595.8066934176,-2630.725,-2817.59454177098,6175.3,0.95,-9562.71,4764.34,NA,NA,NA,NA,NA,NA,NA
"b1b2[3,23] Full FINS",82.6380854911333,67.61365,-155.829878567874,12349.9,0.95,-9358.81,9564.83,NA,NA,NA,NA,NA,NA,NA
"b1b2[4,23] Endow FINS",2302.5573042106,2425.56,2292.28210866337,11865,0.95,-6474.23,10619.8,NA,NA,NA,NA,NA,NA,NA
"b1b2[5,23] Disting FINS",115.426833365333,81.6939,37.1955303623072,12350,0.95,-9555.55,9497.64,NA,NA,NA,NA,NA,NA,NA
"b1b2[1,24] Assis FOLK",1665.00298627429,1704.835,1822.34570374794,7055.7,0.95,-5041.74,8120.21,NA,NA,NA,NA,NA,NA,NA
"b1b2[2,24] Assoc FOLK",-185.1371571038,-257.2605,-378.732746531086,13685.7,0.95,-7485.01,6733.75,NA,NA,NA,NA,NA,NA,NA
"b1b2[3,24] Full FOLK",-1311.50285597127,-1283.415,-1212.08877902022,12837,0.95,-10193.2,7059.77,NA,NA,NA,NA,NA,NA,NA
"b1b2[4,24] Endow FOLK",-234.530616305533,-241.6945,-298.315386883813,13587.6,0.95,-8352.91,7008.94,NA,NA,NA,NA,NA,NA,NA
"b1b2[5,24] Disting FOLK",66.16767633134,131.2985,992.612021657653,11947.9,0.95,-9542,9198.29,NA,NA,NA,NA,NA,NA,NA
"b1b2[1,25] Assis FRIT",3780.46686514667,3817.735,3687.25100812205,11991.8,0.95,-3751.11,11674.7,NA,NA,NA,NA,NA,NA,NA
"b1b2[2,25] Assoc FRIT",-6082.35813456287,-6067.83,-6642.69830368273,4956.2,0.95,-14136.9,1986.98,NA,NA,NA,NA,NA,NA,NA
"b1b2[3,25] Full FRIT",2185.17958607908,2122.565,2125.25419136639,12647.7,0.95,-6587.97,10908.6,NA,NA,NA,NA,NA,NA,NA
"b1b2[4,25] Endow FRIT",53.9063949526667,35.8521,-91.0707541400152,13583.5,0.95,-9401.48,9488.03,NA,NA,NA,NA,NA,NA,NA
"b1b2[5,25] Disting FRIT",62.8052519637,15.9574,-462.62686494369,13963,0.95,-9471.42,9476.74,NA,NA,NA,NA,NA,NA,NA
"b1b2[1,26] Assis GEOG",-682.234042950433,-592.075,-405.630305456427,9048,0.95,-8505.93,6381.38,NA,NA,NA,NA,NA,NA,NA
"b1b2[2,26] Assoc GEOG",-1674.59545457867,-1788.07,-2709.91410388607,12250.6,0.95,-9406.92,6562.83,NA,NA,NA,NA,NA,NA,NA
"b1b2[3,26] Full GEOG",2344.73551105821,2303.74,2023.35186599011,10571.6,0.95,-5730.83,10819.7,NA,NA,NA,NA,NA,NA,NA
"b1b2[4,26] Endow GEOG",1.11490650473333,-10.3271,-524.042791569111,13564.4,0.95,-9674.26,9271.15,NA,NA,NA,NA,NA,NA,NA
"b1b2[5,26] Disting GEOG",10.9791278113333,-8.83902,-721.802874673078,14052.1,0.95,-9175.39,9663.72,NA,NA,NA,NA,NA,NA,NA
"b1b2[1,27] Assis GEOL",1400.73806786773,1406.945,1614.4535164202,3311.8,0.95,-4560.59,7213.15,NA,NA,NA,NA,NA,NA,NA
"b1b2[2,27] Assoc GEOL",-3135.996675988,-3192.16,-3004.35129154889,5016.3,0.95,-9071.45,2992.77,NA,NA,NA,NA,NA,NA,NA
"b1b2[3,27] Full GEOL",3364.5053397813,3317.84,3256.57129743287,9371.4,0.95,-4189.33,11190.2,NA,NA,NA,NA,NA,NA,NA
"b1b2[4,27] Endow GEOL",-1694.6896997014,-1567.91,-407.32699654259,7276.2,0.95,-11554,7946.07,NA,NA,NA,NA,NA,NA,NA
"b1b2[5,27] Disting GEOL",65.4430327823333,51.8055,-240.955985927762,8228.5,0.95,-8911.7,10052.6,NA,NA,NA,NA,NA,NA,NA
"b1b2[1,28] Assis GERM",245.3487438704,198.2545,-220.414209206025,13267.1,0.95,-8997.27,9914.08,NA,NA,NA,NA,NA,NA,NA
"b1b2[2,28] Assoc GERM",-366.454382132253,-449.0405,-800.334166334571,12048.1,0.95,-8324.03,8169.64,NA,NA,NA,NA,NA,NA,NA
"b1b2[3,28] Full GERM",1704.19071297653,1680.935,1356.99151186379,9445.7,0.95,-6556.79,9848.49,NA,NA,NA,NA,NA,NA,NA
"b1b2[4,28] Endow GERM",-1661.0015580472,-1479.58,-1058.74921703623,11195.1,0.95,-11127.9,8047.59,NA,NA,NA,NA,NA,NA,NA
"b1b2[5,28] Disting GERM",77.9164086980667,69.7757,-91.5340879456926,15000,0.95,-9406.44,9236.61,NA,NA,NA,NA,NA,NA,NA
"b1b2[1,29] Assis HIST",-2320.58865892493,-2318.13,-2400.96358463773,5641.7,0.95,-7528.04,2732.94,NA,NA,NA,NA,NA,NA,NA
"b1b2[2,29] Assoc HIST",-1098.63926577407,-1110.935,-1140.67000938578,9927.3,0.95,-7327.16,4921.89,NA,NA,NA,NA,NA,NA,NA
"b1b2[3,29] Full HIST",611.533449744,561.887,-29.225676488777,14647.4,0.95,-6196.71,7580.35,NA,NA,NA,NA,NA,NA,NA
"b1b2[4,29] Endow HIST",2721.9998908866,2799.455,3049.32553798527,10810.6,0.95,-5069.18,10592.6,NA,NA,NA,NA,NA,NA,NA
"b1b2[5,29] Disting HIST",85.6946246715333,19.8356,-348.472020927307,9850.2,0.95,-9322.52,10070.9,NA,NA,NA,NA,NA,NA,NA
"b1b2[1,30] Assis INFO",339.423161560467,343.264,-62.2308887898871,14272.7,0.95,-6750.7,7535.63,NA,NA,NA,NA,NA,NA,NA
"b1b2[2,30] Assoc INFO",-2622.118851097,-2590.815,-2632.85008978579,11590.5,0.95,-9595.49,3847.11,NA,NA,NA,NA,NA,NA,NA
"b1b2[3,30] Full INFO",3536.263456181,3566.7,3947.19164520615,9627.9,0.95,-4272.24,11077.7,NA,NA,NA,NA,NA,NA,NA
"b1b2[4,30] Endow INFO",-1200.27449769253,-1222.39,-1214.35389662345,10578.4,0.95,-9465.18,6426.08,NA,NA,NA,NA,NA,NA,NA
"b1b2[5,30] Disting INFO",-53.2933642672733,-69.5744,-317.730056324945,13430.1,0.95,-9322.82,9616.51,NA,NA,NA,NA,NA,NA,NA
"b1b2[1,31] Assis JOUR",1924.77022324267,1921.515,1867.70183292681,3660.4,0.95,-4068.48,7625.74,NA,NA,NA,NA,NA,NA,NA
"b1b2[2,31] Assoc JOUR",2963.04915764724,2988.455,2958.29365317162,8352.6,0.95,-3644.3,9382.83,NA,NA,NA,NA,NA,NA,NA
"b1b2[3,31] Full JOUR",-5132.33405893933,-5150.975,-5304.44778620692,6350.8,0.95,-12428.7,2247.45,NA,NA,NA,NA,NA,NA,NA
"b1b2[4,31] Endow JOUR",173.711884609533,134.2545,57.7028906829146,9939.5,0.95,-8944.89,10137.6,NA,NA,NA,NA,NA,NA,NA
"b1b2[5,31] Disting JOUR",70.8028492332667,96.69075,262.341346881287,9476.4,0.95,-9559.53,9467.25,NA,NA,NA,NA,NA,NA,NA
"b1b2[1,32] Assis KINE",-2256.52959822731,-2277.565,-2513.71877181623,12156.1,0.95,-8715.96,4329.14,NA,NA,NA,NA,NA,NA,NA
"b1b2[2,32] Assoc KINE",15.3918968203333,90.98025,406.039694613955,12875.3,0.95,-6526.98,6720.15,NA,NA,NA,NA,NA,NA,NA
"b1b2[3,32] Full KINE",2168.188174726,2139.935,2075.95061365979,14276.5,0.95,-4742.43,9184.1,NA,NA,NA,NA,NA,NA,NA
"b1b2[4,32] Endow KINE",22.64917991562,-7.583335,-540.555971176655,13831.5,0.95,-9583.79,9312.57,NA,NA,NA,NA,NA,NA,NA
"b1b2[5,32] Disting KINE",50.30053261756,21.8361,-73.8385577433801,12884.5,0.95,-9511.93,9679.5,NA,NA,NA,NA,NA,NA,NA
"b1b2[1,33] Assis LAWS",-90.0386034195333,-77.16685,169.897946369398,2792.2,0.95,-9653.72,9477.41,NA,NA,NA,NA,NA,NA,NA
"b1b2[2,33] Assoc LAWS",6741.47193172433,6628.21,6552.02164544591,427.7,0.95,12.3363,13466.2,NA,NA,NA,NA,NA,NA,NA
"b1b2[3,33] Full LAWS",-4780.05017624587,-4725.63,-4531.0146868,8222.9,0.95,-11797.4,2143.46,NA,NA,NA,NA,NA,NA,NA
"b1b2[4,33] Endow LAWS",600.389486541933,560.3865,1051.6723187751,13233.2,0.95,-7285.66,8262.09,NA,NA,NA,NA,NA,NA,NA
"b1b2[5,33] Disting LAWS",-2471.77257501173,-2242.39,-1607.32537913996,1575.8,0.95,-12651,7501.33,NA,NA,NA,NA,NA,NA,NA
"b1b2[1,34] Assis LGED",1833.59199699453,1891.145,2225.28481400554,1664.6,0.95,-4512.24,7556.51,NA,NA,NA,NA,NA,NA,NA
"b1b2[2,34] Assoc LGED",669.15038747684,686.227,861.891392820333,1824.7,0.95,-5261.42,6750.71,NA,NA,NA,NA,NA,NA,NA
"b1b2[3,34] Full LGED",-2767.04911946393,-2860.22,-2712.46088500535,5250.3,0.95,-11519.8,6235.09,NA,NA,NA,NA,NA,NA,NA
"b1b2[4,34] Endow LGED",160.095635787,118.4255,-393.337976216266,6474.6,0.95,-9144.11,9850.47,NA,NA,NA,NA,NA,NA,NA
"b1b2[5,34] Disting LGED",104.211057325267,67.0043,-731.492988525886,6160.6,0.95,-9025.47,9652.04,NA,NA,NA,NA,NA,NA,NA
"b1b2[1,35] Assis LING",832.206584598933,844.2285,831.62018403217,13897,0.95,-7235.25,8577.57,NA,NA,NA,NA,NA,NA,NA
"b1b2[2,35] Assoc LING",-68.1480701762667,-118.156,-308.173097388899,11091.6,0.95,-7523.76,7744.56,NA,NA,NA,NA,NA,NA,NA
"b1b2[3,35] Full LING",-820.679164280333,-830.002,-896.045317683194,14304.2,0.95,-9244.09,7869.71,NA,NA,NA,NA,NA,NA,NA
"b1b2[4,35] Endow LING",42.1047162828533,20.69525,568.604166562607,15083.8,0.95,-9236.52,9661.37,NA,NA,NA,NA,NA,NA,NA
"b1b2[5,35] Disting LING",14.5160804448867,12.5261,747.159761008428,13874.3,0.95,-9311.21,9457.19,NA,NA,NA,NA,NA,NA,NA
"b1b2[1,36] Assis MATH",8055.06309972,8047.095,7968.43146378478,3393.6,0.95,2348.5,14125.9,NA,NA,NA,NA,NA,NA,NA
"b1b2[2,36] Assoc MATH",391.696659425267,377.731,960.806990440755,11963.1,0.95,-6194.84,7010.93,NA,NA,NA,NA,NA,NA,NA
"b1b2[3,36] Full MATH",-7314.7712308054,-7261.255,-6836.05293746261,6571.2,0.95,-13681.4,-1397.21,NA,NA,NA,NA,NA,NA,NA
"b1b2[4,36] Endow MATH",1366.78954273487,1292.19,755.940496315216,8682.2,0.95,-8465.08,10768.6,NA,NA,NA,NA,NA,NA,NA
"b1b2[5,36] Disting MATH",-2498.77797231473,-2331.125,-1352.35278772771,7278.4,0.95,-12256.5,6830.14,NA,NA,NA,NA,NA,NA,NA
"b1b2[1,37] Assis MGMT",-6872.277184595,-6966.515,-7124.9260574669,4773.5,0.95,-13946.2,448.544,NA,NA,NA,NA,NA,NA,NA
"b1b2[2,37] Assoc MGMT",5347.864729678,5454.81,5656.98469185782,3769.8,0.95,-1678.99,12412.4,NA,NA,NA,NA,NA,NA,NA
"b1b2[3,37] Full MGMT",-438.3685945214,-395.3415,-213.43391148813,10257.7,0.95,-9931.56,8930.34,NA,NA,NA,NA,NA,NA,NA
"b1b2[4,37] Endow MGMT",2382.26664496127,2414.415,2851.41180630998,10838.9,0.95,-6199.7,10986.9,NA,NA,NA,NA,NA,NA,NA
"b1b2[5,37] Disting MGMT",-419.485754352533,-421.5095,-1372.81278929144,9780.5,0.95,-9871.07,9176.5,NA,NA,NA,NA,NA,NA,NA
"b1b2[1,38] Assis MKTG",-3340.4681241876,-3394.76,-3479.20035362073,1539.5,0.95,-10491.7,3328.44,NA,NA,NA,NA,NA,NA,NA
"b1b2[2,38] Assoc MKTG",3658.9230714924,3664.08,3884.85534697572,6990.9,0.95,-3599.04,11171.6,NA,NA,NA,NA,NA,NA,NA
"b1b2[3,38] Full MKTG",-2076.21988869933,-1947.925,-2049.38936756231,5812.6,0.95,-11733.5,7388.56,NA,NA,NA,NA,NA,NA,NA
"b1b2[4,38] Endow MKTG",2130.76739092027,2106.685,1605.51200038712,11584.4,0.95,-6148.16,10616,NA,NA,NA,NA,NA,NA,NA
"b1b2[5,38] Disting MKTG",-373.002449096267,-351.227,-299.963607360267,7053.2,0.95,-9627.85,8953,NA,NA,NA,NA,NA,NA,NA
"b1b2[1,39] Assis MUHI",-49.1414553243333,-112.668,-107.625532861042,14313,0.95,-7488.9,7858.9,NA,NA,NA,NA,NA,NA,NA
"b1b2[2,39] Assoc MUHI",-95.8851606571733,-129.614,-682.999633181575,11809.9,0.95,-7281.82,7102.58,NA,NA,NA,NA,NA,NA,NA
"b1b2[3,39] Full MUHI",1896.77175140053,1853.725,1391.44195366533,13302.3,0.95,-6008.26,9455.02,NA,NA,NA,NA,NA,NA,NA
"b1b2[4,39] Endow MUHI",138.7600631846,87.2507,-313.88205591722,13897.3,0.95,-8926.89,9932.08,NA,NA,NA,NA,NA,NA,NA
"b1b2[5,39] Disting MUHI",-1890.50517857487,-1701.545,-555.721345778875,8475,0.95,-11687.3,8106.77,NA,NA,NA,NA,NA,NA,NA
"b1b2[1,40] Assis MUIN",-1446.22444525207,-1602.58,-1958.75746661867,13228.7,0.95,-8932.04,6617.99,NA,NA,NA,NA,NA,NA,NA
"b1b2[2,40] Assoc MUIN",4314.75824611013,4301.315,4117.39954780498,6584.4,0.95,-3128.44,12171.8,NA,NA,NA,NA,NA,NA,NA
"b1b2[3,40] Full MUIN",-2306.10219141893,-2261.475,-2265.60000524851,5864.5,0.95,-8538.68,4187.96,NA,NA,NA,NA,NA,NA,NA
"b1b2[4,40] Endow MUIN",-164.664220285827,-116.145,-233.654136822388,12998.4,0.95,-8230.48,8167.39,NA,NA,NA,NA,NA,NA,NA
"b1b2[5,40] Disting MUIN",-397.7676613968,-342.3175,210.913447189316,13301.6,0.95,-9450.6,8588.23,NA,NA,NA,NA,NA,NA,NA
"b1b2[1,41] Assis MUST",176.794973848,151.6975,-0.03258163954888,14173.3,0.95,-8803.56,10106.9,NA,NA,NA,NA,NA,NA,NA
"b1b2[2,41] Assoc MUST",-2404.40896691613,-2257.29,-2356.86637105754,7072.5,0.95,-12684.7,7317.99,NA,NA,NA,NA,NA,NA,NA
"b1b2[3,41] Full MUST",2038.20671161547,1959.845,2211.50553954283,10203,0.95,-6194.6,11101.6,NA,NA,NA,NA,NA,NA,NA
"b1b2[4,41] Endow MUST",192.961129474933,144.8105,89.3221393764725,13239.2,0.95,-7898.73,9191.23,NA,NA,NA,NA,NA,NA,NA
"b1b2[5,41] Disting MUST",-3.55379811773333,12.5795,715.833828045466,13017.5,0.95,-9511.19,9390.01,NA,NA,NA,NA,NA,NA,NA
"b1b2[1,42] Assis MUTH",1004.2961829882,1055.34,837.274111479979,13428.9,0.95,-6379.02,8753.94,NA,NA,NA,NA,NA,NA,NA
"b1b2[2,42] Assoc MUTH",-1308.9100512506,-1331.905,-1325.52922138661,11234.4,0.95,-8376.31,5507.01,NA,NA,NA,NA,NA,NA,NA
"b1b2[3,42] Full MUTH",16.7567258065333,37.72205,131.924548184517,15000,0.95,-7608.47,7251.66,NA,NA,NA,NA,NA,NA,NA
"b1b2[4,42] Endow MUTH",135.441765423267,103.741,216.889375320039,12922.9,0.95,-9085.31,9573.79,NA,NA,NA,NA,NA,NA,NA
"b1b2[5,42] Disting MUTH",152.41536811646,130.3745,-8.60710968784042,14076.4,0.95,-8932.68,9642.28,NA,NA,NA,NA,NA,NA,NA
"b1b2[1,43] Assis MUVO",357.274352238467,409.924,1005.80342891404,13523.8,0.95,-9427.63,9376.68,NA,NA,NA,NA,NA,NA,NA
"b1b2[2,43] Assoc MUVO",1562.1129375142,1560.06,2155.89638227708,12588.6,0.95,-6757.88,9857.19,NA,NA,NA,NA,NA,NA,NA
"b1b2[3,43] Full MUVO",-254.655732878867,-302.1375,-450.550518866447,13518.8,0.95,-8517.12,7846.23,NA,NA,NA,NA,NA,NA,NA
"b1b2[4,43] Endow MUVO",109.085173850733,116.7495,403.692683768029,13696,0.95,-9429.13,9483.86,NA,NA,NA,NA,NA,NA,NA
"b1b2[5,43] Disting MUVO",-1773.81670544247,-1629.16,-1516.1058992887,11131.6,0.95,-11849.9,7872.69,NA,NA,NA,NA,NA,NA,NA
"b1b2[1,44] Assis OADT",435.948887088,300.0375,-308.6279848046,5547.8,0.95,-6396.45,7904.36,NA,NA,NA,NA,NA,NA,NA
"b1b2[2,44] Assoc OADT",3734.74556531267,3742.535,4000.41694706945,6452.4,0.95,-3680.49,11104.4,NA,NA,NA,NA,NA,NA,NA
"b1b2[3,44] Full OADT",-3733.61861220247,-3621.71,-3321.28750796101,4047.9,0.95,-13702,5495.45,NA,NA,NA,NA,NA,NA,NA
"b1b2[4,44] Endow OADT",-97.38983283276,-121.76,70.6094870962115,13276.6,0.95,-9120.52,9086.52,NA,NA,NA,NA,NA,NA,NA
"b1b2[5,44] Disting OADT",-339.686039120867,-324.403,490.133121313916,12722.4,0.95,-9801.51,9025.39,NA,NA,NA,NA,NA,NA,NA
"b1b2[1,45] Assis OPT",7082.48882058133,7175.115,7165.0866178631,2357.8,0.95,1306.11,12972.4,NA,NA,NA,NA,NA,NA,NA
"b1b2[2,45] Assoc OPT",-384.209285437347,-417.4855,-457.848412704303,5231.2,0.95,-6097.83,5382.66,NA,NA,NA,NA,NA,NA,NA
"b1b2[3,45] Full OPT",-6689.63791747211,-6787.635,-6600.06090431911,5065.3,0.95,-13219,36.0359,NA,NA,NA,NA,NA,NA,NA
"b1b2[4,45] Endow OPT",28.129983031,-5.965585,254.41285847652,6603.4,0.95,-9145.54,9630.37,NA,NA,NA,NA,NA,NA,NA
"b1b2[5,45] Disting OPT",-36.7717877295333,1.05286,904.376529341116,6963.8,0.95,-9425.59,9182.52,NA,NA,NA,NA,NA,NA,NA
"b1b2[1,46] Assis PHYS",-2742.2086462922,-2728.255,-2753.70210520548,1752.4,0.95,-8211.86,2583.05,NA,NA,NA,NA,NA,NA,NA
"b1b2[2,46] Assoc PHYS",1555.12546964387,1552.535,1524.26327455557,2881.2,0.95,-4117.05,6947.71,NA,NA,NA,NA,NA,NA,NA
"b1b2[3,46] Full PHYS",4204.81755170347,4117.93,4297.98406157578,5688.9,0.95,-3177.73,12181.2,NA,NA,NA,NA,NA,NA,NA
"b1b2[4,46] Endow PHYS",43.2621134391333,26.24635,106.36698488997,6028.9,0.95,-9479.76,9432.94,NA,NA,NA,NA,NA,NA,NA
"b1b2[5,46] Disting PHYS",-3060.996498488,-2948.64,-2952.55658817954,4574.7,0.95,-12684.7,6671.58,NA,NA,NA,NA,NA,NA,NA
"b1b2[1,47] Assis PL",-478.6302347892,-454.636,-432.747860220119,14119.9,0.95,-8267.64,7539.83,NA,NA,NA,NA,NA,NA,NA
"b1b2[2,47] Assoc PL",-2386.36336242967,-2426.63,-2382.25191154551,10302.6,0.95,-10491.3,5322.25,NA,NA,NA,NA,NA,NA,NA
"b1b2[3,47] Full PL",2400.14729027575,2319.4,2277.49011943556,10677.6,0.95,-6129.45,10577.8,NA,NA,NA,NA,NA,NA,NA
"b1b2[4,47] Endow PL",440.6832841664,434.6295,-303.913702686459,14489.3,0.95,-8444.25,9350.32,NA,NA,NA,NA,NA,NA,NA
"b1b2[5,47] Disting PL",24.1628997146,15.42765,-241.132076234797,15000,0.95,-9491.44,9430.48,NA,NA,NA,NA,NA,NA,NA
"b1b2[1,48] Assis POLS",-1615.81007676667,-1550.03,-1806.05706558188,4694.4,0.95,-8881.4,5566.31,NA,NA,NA,NA,NA,NA,NA
"b1b2[2,48] Assoc POLS",-6678.9456278186,-6517.56,-6764.77260909766,2468.3,0.95,-14702.4,497.613,NA,NA,NA,NA,NA,NA,NA
"b1b2[3,48] Full POLS",2830.185057002,2815.615,2807.21711849094,13728.8,0.95,-5082.46,10790.2,NA,NA,NA,NA,NA,NA,NA
"b1b2[4,48] Endow POLS",2989.34054589467,2758.2,2709.37162703756,4478.1,0.95,-7007.56,13097.8,NA,NA,NA,NA,NA,NA,NA
"b1b2[5,48] Disting POLS",2475.23016256067,2374.235,2202.5057554273,7043.4,0.95,-6787.1,12730.3,NA,NA,NA,NA,NA,NA,NA
"b1b2[1,49] Assis PSY",3381.65159349967,3408.46,3544.70750385892,7564.1,0.95,-2723.98,9210.1,NA,NA,NA,NA,NA,NA,NA
"b1b2[2,49] Assoc PSY",-5553.03547091933,-5538.15,-5699.52046423955,6395.1,0.95,-12387.9,1056.97,NA,NA,NA,NA,NA,NA,NA
"b1b2[3,49] Full PSY",-3208.9184660076,-3117.02,-3128.13366750912,5530.9,0.95,-10979.8,4587.49,NA,NA,NA,NA,NA,NA,NA
"b1b2[4,49] Endow PSY",3431.67737205273,3305.08,2958.12225628556,7753.9,0.95,-5903.88,12949.5,NA,NA,NA,NA,NA,NA,NA
"b1b2[5,49] Disting PSY",1948.62485560933,1854.17,1964.93666191983,10145.3,0.95,-6899.64,11474,NA,NA,NA,NA,NA,NA,NA
"b1b2[1,50] Assis REL",-1330.10417001967,-1294.655,-929.316290344825,1148.2,0.95,-7164.51,4341.31,NA,NA,NA,NA,NA,NA,NA
"b1b2[2,50] Assoc REL",-726.70174897,-649.0065,-418.863464186566,1523.6,0.95,-6744.55,4874.01,NA,NA,NA,NA,NA,NA,NA
"b1b2[3,50] Full REL",1838.57571904067,1810.215,1483.66529472729,6203.4,0.95,-7167.62,10778.8,NA,NA,NA,NA,NA,NA,NA
"b1b2[4,50] Endow REL",112.169683770667,131.843,214.7529806163,6038.5,0.95,-9159.35,9745.7,NA,NA,NA,NA,NA,NA,NA
"b1b2[5,50] Disting REL",106.060411403467,100.3025,3.69424201556467,5181.9,0.95,-9467.89,9323.25,NA,NA,NA,NA,NA,NA,NA
"b1b2[1,51] Assis RPAD",-4502.32945771133,-4656.365,-5002.34930110409,8324.8,0.95,-11615.8,3086,NA,NA,NA,NA,NA,NA,NA
"b1b2[2,51] Assoc RPAD",1058.49440759627,1051.205,758.198225005641,9564.6,0.95,-5367.52,7927.07,NA,NA,NA,NA,NA,NA,NA
"b1b2[3,51] Full RPAD",3480.44529266927,3632.71,3636.24439885119,8741.4,0.95,-3783.29,10033,NA,NA,NA,NA,NA,NA,NA
"b1b2[4,51] Endow RPAD",-37.1295783790667,12.74275,561.124132971403,12563.2,0.95,-9642.22,9183.43,NA,NA,NA,NA,NA,NA,NA
"b1b2[5,51] Disting RPAD",0.519228762466662,36.129,906.406107537274,12480,0.95,-9515.4,9460.51,NA,NA,NA,NA,NA,NA,NA
"b1b2[1,52] Assis SLIS",1351.27458585393,1392.245,1183.2264267459,12726.8,0.95,-5662.02,7930.53,NA,NA,NA,NA,NA,NA,NA
"b1b2[2,52] Assoc SLIS",-437.000440923533,-395.8225,-106.85126045558,7392.7,0.95,-6988.91,5569.27,NA,NA,NA,NA,NA,NA,NA
"b1b2[3,52] Full SLIS",-2244.49779780807,-2426.46,-2602.36474715786,13214.8,0.95,-10382.7,6018.88,NA,NA,NA,NA,NA,NA,NA
"b1b2[4,52] Endow SLIS",1361.13778506,1361.49,1719.52007667489,13526.2,0.95,-7554,10202.9,NA,NA,NA,NA,NA,NA,NA
"b1b2[5,52] Disting SLIS",-30.9140923098667,-65.35135,-413.431425200135,12175.8,0.95,-9500.11,9641.39,NA,NA,NA,NA,NA,NA,NA
"b1b2[1,53] Assis SLS",2527.47947116101,2587.23,2540.00312358829,2987.2,0.95,-4417.78,8928.58,NA,NA,NA,NA,NA,NA,NA
"b1b2[2,53] Assoc SLS",-136.5331870548,-132.6715,-548.722676204166,6643.5,0.95,-6556.17,6519.3,NA,NA,NA,NA,NA,NA,NA
"b1b2[3,53] Full SLS",-2489.63201202547,-2695.385,-3196.04141965011,10539.7,0.95,-11163.9,6061.26,NA,NA,NA,NA,NA,NA,NA
"b1b2[4,53] Endow SLS",72.9574939967267,66.4502,201.555202109965,9843.1,0.95,-8987.24,10024.9,NA,NA,NA,NA,NA,NA,NA
"b1b2[5,53] Disting SLS",25.7282246573333,36.32685,414.315323142986,8219.6,0.95,-9453.77,9477.57,NA,NA,NA,NA,NA,NA,NA
"b1b2[1,54] Assis SOC",-780.760236321067,-772.237,-972.56667176422,1829.2,0.95,-5957.45,4407.06,NA,NA,NA,NA,NA,NA,NA
"b1b2[2,54] Assoc SOC",-302.367822565667,-270.822,-74.4903441486276,14203.3,0.95,-6892.93,6366.02,NA,NA,NA,NA,NA,NA,NA
"b1b2[3,54] Full SOC",-229.4692571714,-233.953,-1098.48715000849,13285.3,0.95,-7239.83,6794.58,NA,NA,NA,NA,NA,NA,NA
"b1b2[4,54] Endow SOC",2478.46225001147,2422.73,2150.29415695061,8304,0.95,-6090.04,10834.3,NA,NA,NA,NA,NA,NA,NA
"b1b2[5,54] Disting SOC",-1165.86492529707,-1193.095,-1595.00569585278,6801.3,0.95,-9678.88,7455.94,NA,NA,NA,NA,NA,NA,NA
"b1b2[1,55] Assis SPAN",108.9655714024,91.83345,-68.9827703372503,5466.6,0.95,-5369.21,5742.04,NA,NA,NA,NA,NA,NA,NA
"b1b2[2,55] Assoc SPAN",-1540.05893257442,-1550.16,-1799.24723455107,6069.1,0.95,-7485.89,3795.93,NA,NA,NA,NA,NA,NA,NA
"b1b2[3,55] Full SPAN",1091.30177190187,1042.72,821.559582702155,15000,0.95,-5854.14,7998.15,NA,NA,NA,NA,NA,NA,NA
"b1b2[4,55] Endow SPAN",181.5064218624,164.2645,560.499574914997,10934.4,0.95,-9068.11,9868.13,NA,NA,NA,NA,NA,NA,NA
"b1b2[5,55] Disting SPAN",158.28530650022,113.246,46.7505577646843,9622.4,0.95,-9237.68,9635.96,NA,NA,NA,NA,NA,NA,NA
"b1b2[1,56] Assis SPEA",1059.99423608627,1051.89,1190.27413505112,8913.9,0.95,-5021.33,6775.01,NA,NA,NA,NA,NA,NA,NA
"b1b2[2,56] Assoc SPEA",-2519.01933407911,-2483.25,-2662.54929572964,11237.2,0.95,-9090.23,3677.42,NA,NA,NA,NA,NA,NA,NA
"b1b2[3,56] Full SPEA",2974.2997203626,2947.915,3128.02669764713,9779.6,0.95,-4548.68,10062.1,NA,NA,NA,NA,NA,NA,NA
"b1b2[4,56] Endow SPEA",-3413.0939945932,-3307.65,-3007.98676304052,9162.1,0.95,-12414.8,5645.45,NA,NA,NA,NA,NA,NA,NA
"b1b2[5,56] Disting SPEA",1897.8193655824,1808.775,1750.74110385988,11442.6,0.95,-7495.08,11478.6,NA,NA,NA,NA,NA,NA,NA
"b1b2[1,57] Assis SPHS",-1782.49549541225,-1777.055,-1821.75151609841,6555,0.95,-8296.95,4210.67,NA,NA,NA,NA,NA,NA,NA
"b1b2[2,57] Assoc SPHS",963.478697283,1010.06,1162.39975922571,10407.5,0.95,-5370.78,7420.86,NA,NA,NA,NA,NA,NA,NA
"b1b2[3,57] Full SPHS",-397.6477562052,-376.6805,-373.325016773186,15000,0.95,-7520.83,7118.68,NA,NA,NA,NA,NA,NA,NA
"b1b2[4,57] Endow SPHS",-16.1447119930667,-21.5823,650.364558618505,11124.8,0.95,-8822.35,10006.2,NA,NA,NA,NA,NA,NA,NA
"b1b2[5,57] Disting SPHS",1232.80918107338,1202.225,1136.62688487889,10004.5,0.95,-8522.66,10693.1,NA,NA,NA,NA,NA,NA,NA
"b1b2[1,58] Assis STAT",-1262.43850676923,-1089.925,-329.796212236532,5044.5,0.95,-9910.8,7040.43,NA,NA,NA,NA,NA,NA,NA
"b1b2[2,58] Assoc STAT",-2553.86692440147,-2589.75,-2321.57316132188,8757.3,0.95,-11318.4,6497.68,NA,NA,NA,NA,NA,NA,NA
"b1b2[3,58] Full STAT",-119.5429894192,-122.9075,-398.406636797576,12282.7,0.95,-9320.63,9570.57,NA,NA,NA,NA,NA,NA,NA
"b1b2[4,58] Endow STAT",2267.6032924662,2139.185,2346.36968059721,8809.4,0.95,-7668.32,12005.6,NA,NA,NA,NA,NA,NA,NA
"b1b2[5,58] Disting STAT",1668.24518012373,1648.285,1920.0989612657,10122.9,0.95,-6970.63,10757.8,NA,NA,NA,NA,NA,NA,NA
"b1b2[1,59] Assis TELC",-1333.60592700293,-1303.19,-1158.08720397007,6447.6,0.95,-7943.29,5566.73,NA,NA,NA,NA,NA,NA,NA
"b1b2[2,59] Assoc TELC",-2013.8285497918,-2035.995,-2118.29119119243,12566.2,0.95,-9742.56,5599.56,NA,NA,NA,NA,NA,NA,NA
"b1b2[3,59] Full TELC",1046.2808587336,1050.27,994.873256778952,14367.9,0.95,-6822.35,8613.03,NA,NA,NA,NA,NA,NA,NA
"b1b2[4,59] Endow TELC",61.4702691033333,65.6127,222.537258923865,13280.6,0.95,-9499.5,9247.37,NA,NA,NA,NA,NA,NA,NA
"b1b2[5,59] Disting TELC",2239.6832489718,2156.835,1419.66357089686,9742.9,0.95,-6743.12,11657.6,NA,NA,NA,NA,NA,NA,NA
"b1b2[1,60] Assis THTR",1873.00323943651,1869.505,2013.60236816067,2545.4,0.95,-4273.26,8028.93,NA,NA,NA,NA,NA,NA,NA
"b1b2[2,60] Assoc THTR",-2425.37510367416,-2401.705,-2481.31457334862,2669.1,0.95,-8903.35,3597.93,NA,NA,NA,NA,NA,NA,NA
"b1b2[3,60] Full THTR",192.8217299926,139.6405,25.0576111889604,8392.1,0.95,-9439.31,9705.15,NA,NA,NA,NA,NA,NA,NA
"b1b2[4,60] Endow THTR",184.111571455333,208.636,578.713227198656,7326.4,0.95,-9379.5,9345.91,NA,NA,NA,NA,NA,NA,NA
"b1b2[5,60] Disting THTR",175.438598062933,142.312,70.7472206055281,8770.7,0.95,-8887.27,10217.1,NA,NA,NA,NA,NA,NA,NA
"m[1,1] Assis ACTG",182627.975,182668,182612.105731207,12977.1,0.95,178679,186217,NA,NA,NA,NA,NA,NA,NA
"m[2,1] Assoc ACTG",194707.9774,196173,198527.845446958,5154,0.95,182266,203443,NA,NA,NA,NA,NA,NA,NA
"m[3,1] Full ACTG",214417.064866667,214572,215198.001409413,3345.6,0.95,200918,227791,NA,NA,NA,NA,NA,NA,NA
"m[4,1] Endow ACTG",238434.664533333,238063.5,237615.876471906,3936.1,0.95,225460,252156,NA,NA,NA,NA,NA,NA,NA
"m[5,1] Disting ACTG",269492.723066667,269793.5,271159.973790516,2508.7,0.95,249496,290034,NA,NA,NA,NA,NA,NA,NA
"m[1,2] Assis AFRO",68204.7306466667,68146.45,67076.4625653281,11987.6,0.95,51583.8,84526.4,NA,NA,NA,NA,NA,NA,NA
"m[2,2] Assoc AFRO",79854.1309866667,79817.9,79792.2451816665,13744.5,0.95,68803.8,91775.9,NA,NA,NA,NA,NA,NA,NA
"m[3,2] Full AFRO",108059.444573333,108165.5,108304.761389741,14409.9,0.95,96063.7,119847,NA,NA,NA,NA,NA,NA,NA
"m[4,2] Endow AFRO",132770.35178,132664.5,132683.996851599,11021.7,0.95,115405,149926,NA,NA,NA,NA,NA,NA,NA
"m[5,2] Disting AFRO",160057.981,160292,160867.171296778,4048.2,0.95,139221,181827,NA,NA,NA,NA,NA,NA,NA
"m[1,3] Assis AMST",63225.14708,63191.2,63281.3817375441,6164.1,0.95,56923.4,69690.9,NA,NA,NA,NA,NA,NA,NA
"m[2,3] Assoc AMST",75758.1115866667,75761.75,75751.623346007,13249.4,0.95,73152.9,78340.9,NA,NA,NA,NA,NA,NA,NA
"m[3,3] Full AMST",103552.631633333,103510.5,103800.975584209,2978.8,0.95,90199,117715,NA,NA,NA,NA,NA,NA,NA
"m[4,3] Endow AMST",128289.118373333,128187,127574.223661144,3118.4,0.95,113911,143667,NA,NA,NA,NA,NA,NA,NA
"m[5,3] Disting AMST",155547.0764,155758.5,158170.110457981,2597.5,0.95,135958,174657,NA,NA,NA,NA,NA,NA,NA
"m[1,4] Assis ANTH",64924.0932133333,65456.95,71745.1089964008,5111.2,0.95,52205.8,76559.2,NA,NA,NA,NA,NA,NA,NA
"m[2,4] Assoc ANTH",75534.6097733333,75480.15,75317.5414433497,15065.5,0.95,72173.5,79198.3,NA,NA,NA,NA,NA,NA,NA
"m[3,4] Full ANTH",99782.59562,99583.8,99573.4347241018,6731,0.95,90149.3,110134,NA,NA,NA,NA,NA,NA,NA
"m[4,4] Endow ANTH",124113.234066667,123435,117130.483341655,5409.6,0.95,112449,138101,NA,NA,NA,NA,NA,NA,NA
"m[5,4] Disting ANTH",153980.418333333,154197.5,154207.509202414,3036.3,0.95,133595,172778,NA,NA,NA,NA,NA,NA,NA
"m[1,5] Assis APHS",74316.8516466667,74233.4,74233.1092591829,13713.1,0.95,72103.3,76778.9,NA,NA,NA,NA,NA,NA,NA
"m[2,5] Assoc APHS",91488.90618,91459.9,91416.0667847462,8142.5,0.95,87071.8,95986.3,NA,NA,NA,NA,NA,NA,NA
"m[3,5] Full APHS",120226.99854,120027,118689.378106245,2387.1,0.95,107547,133811,NA,NA,NA,NA,NA,NA,NA
"m[4,5] Endow APHS",142694.919933333,142517,141066.971921079,2820.2,0.95,127921,157280,NA,NA,NA,NA,NA,NA,NA
"m[5,5] Disting APHS",169862.027066667,170022,171697.230964461,2790,0.95,149767,188541,NA,NA,NA,NA,NA,NA,NA
"m[1,6] Assis AST",69529.5782866667,69086.1,68841.9026512414,3449.2,0.95,58350.2,81899.1,NA,NA,NA,NA,NA,NA,NA
"m[2,6] Assoc AST",79869.04996,79092.25,79116.1249466607,4606.3,0.95,73937.7,88580.4,NA,NA,NA,NA,NA,NA,NA
"m[3,6] Full AST",110476.585126667,110266,109292.914760405,3149.2,0.95,97343.5,124308,NA,NA,NA,NA,NA,NA,NA
"m[4,6] Endow AST",135708.834466667,135347,135094.662282904,2620.3,0.95,119879,152547,NA,NA,NA,NA,NA,NA,NA
"m[5,6] Disting AST",161655.832266667,161703,160028.991672905,2930.1,0.95,141334,182061,NA,NA,NA,NA,NA,NA,NA
"m[1,7] Assis BEPP",128403.404533333,128400,128407.883370935,7515.7,0.95,128271,128529,NA,NA,NA,NA,NA,NA,NA
"m[2,7] Assoc BEPP",143201.695533333,143481.5,143647.438514799,59.3,0.95,133679,153491,NA,NA,NA,NA,NA,NA,NA
"m[3,7] Full BEPP",169355.766533333,169617,169632.05289633,30,0.95,153190,186398,NA,NA,NA,NA,NA,NA,NA
"m[4,7] Endow BEPP",194698.9548,194906.5,195665.762872857,50.5,0.95,178051,211292,NA,NA,NA,NA,NA,NA,NA
"m[5,7] Disting BEPP",221453.006066667,221856,222985.370057744,169.4,0.95,199841,242911,NA,NA,NA,NA,NA,NA,NA
"m[1,8] Assis BFIN",197414.3246,197463.5,197295.443035716,14409.7,0.95,190649,203767,NA,NA,NA,NA,NA,NA,NA
"m[2,8] Assoc BFIN",214138.352333333,214432,215089.019617366,10531.4,0.95,204952,222817,NA,NA,NA,NA,NA,NA,NA
"m[3,8] Full BFIN",237564.7974,237639,238557.15471258,10146,0.95,222900,250748,NA,NA,NA,NA,NA,NA,NA
"m[4,8] Endow BFIN",259130.396866667,259035.5,259107.437205843,7651.4,0.95,245686,273709,NA,NA,NA,NA,NA,NA,NA
"m[5,8] Disting BFIN",288908.751,289162.5,289118.639331252,3324.5,0.95,268959,309165,NA,NA,NA,NA,NA,NA,NA
"m[1,9] Assis BI",76943.8467333333,76933.4,76905.2010729209,14020.8,0.95,76642.7,77306.5,NA,NA,NA,NA,NA,NA,NA
"m[2,9] Assoc BI",87830.7784133333,87835.25,88310.3028330796,1304.8,0.95,81978.5,93301.7,NA,NA,NA,NA,NA,NA,NA
"m[3,9] Full BI",118446.731926667,118394.5,117943.064428484,761.3,0.95,109857,127304,NA,NA,NA,NA,NA,NA,NA
"m[4,9] Endow BI",139482.634333333,138525,135690.706139239,695.1,0.95,129282,151600,NA,NA,NA,NA,NA,NA,NA
"m[5,9] Disting BI",171065.033266667,171169,171248.376911499,2602.2,0.95,154765,186662,NA,NA,NA,NA,NA,NA,NA
"m[1,10] Assis BLAN",104670.727586667,105020.5,105129.173560537,10649.3,0.95,94220,113961,NA,NA,NA,NA,NA,NA,NA
"m[2,10] Assoc BLAN",114680.79508,114819,115268.541711806,13604.2,0.95,105785,123599,NA,NA,NA,NA,NA,NA,NA
"m[3,10] Full BLAN",141854.342933333,141871,141820.527659438,11938.9,0.95,130881,152576,NA,NA,NA,NA,NA,NA,NA
"m[4,10] Endow BLAN",163907.401066667,163258,160889.151861373,7947.8,0.95,151586,178155,NA,NA,NA,NA,NA,NA,NA
"m[5,10] Disting BLAN",193897.990866667,194072,193918.15519875,3572.4,0.95,174589,214209,NA,NA,NA,NA,NA,NA,NA
"m[1,11] Assis CEDP",66809.2894666667,66780.1,66889.9560852165,13471.4,0.95,61085.9,72611.3,NA,NA,NA,NA,NA,NA,NA
"m[2,11] Assoc CEDP",75987.3039933333,75919.6,75447.703283608,14272.8,0.95,72368.8,79783.8,NA,NA,NA,NA,NA,NA,NA
"m[3,11] Full CEDP",104708.022533333,104678.5,105054.002444887,10036.2,0.95,96502.4,112803,NA,NA,NA,NA,NA,NA,NA
"m[4,11] Endow CEDP",130027.2414,129872.5,129139.447454696,6678.4,0.95,115719,143820,NA,NA,NA,NA,NA,NA,NA
"m[5,11] Disting CEDP",157290.6054,157379.5,157081.318570821,3176.4,0.95,138188,176670,NA,NA,NA,NA,NA,NA,NA
"m[1,12] Assis CEUS",66370.7169066667,65578.35,64724.551190607,13859.4,0.95,55025.5,80238.8,NA,NA,NA,NA,NA,NA,NA
"m[2,12] Assoc CEUS",80854.8129666667,80946.4,81485.8599324808,13629,0.95,68005,92822.6,NA,NA,NA,NA,NA,NA,NA
"m[3,12] Full CEUS",107392.59116,107432,108377.662361673,13027.8,0.95,94123.9,119791,NA,NA,NA,NA,NA,NA,NA
"m[4,12] Endow CEUS",130283.106326667,130271.5,130699.061481377,10252.7,0.95,113951,148057,NA,NA,NA,NA,NA,NA,NA
"m[5,12] Disting CEUS",159101.295066667,159377,159693.623534847,3949.6,0.95,137518,179607,NA,NA,NA,NA,NA,NA,NA
"m[1,13] Assis CHEM",82897.2797933333,82731.85,82623.3238638825,11630.9,0.95,79836.4,86113.7,NA,NA,NA,NA,NA,NA,NA
"m[2,13] Assoc CHEM",105247.235726667,105159,105294.384570513,4268.5,0.95,95978.4,114583,NA,NA,NA,NA,NA,NA,NA
"m[3,13] Full CHEM",137158.675466667,137075,137665.383229776,1721.4,0.95,124074,151367,NA,NA,NA,NA,NA,NA,NA
"m[4,13] Endow CHEM",159387.590466667,159244.5,159709.162718916,2189.4,0.95,144955,174129,NA,NA,NA,NA,NA,NA,NA
"m[5,13] Disting CHEM",184571.106133333,184650,185118.745857926,3484.5,0.95,165936,203337,NA,NA,NA,NA,NA,NA,NA
"m[1,14] Assis CMCL",60261.2916266667,59920.65,59798.2746954744,9297,0.95,55317.5,66752.2,NA,NA,NA,NA,NA,NA,NA
"m[2,14] Assoc CMCL",76128.2988133333,76183.7,76555.2490624872,13596.8,0.95,71767,80704.3,NA,NA,NA,NA,NA,NA,NA
"m[3,14] Full CMCL",105045.812493333,104986.5,104776.960794394,5605.4,0.95,92814.7,118705,NA,NA,NA,NA,NA,NA,NA
"m[4,14] Endow CMCL",127920.42362,127784,126948.488232901,5309.7,0.95,112803,142511,NA,NA,NA,NA,NA,NA,NA
"m[5,14] Disting CMCL",155185.395466667,155261,156516.651698661,3574.6,0.95,136095,174840,NA,NA,NA,NA,NA,NA,NA
"m[1,15] Assis CMLT",61645.47018,62117.4,62646.8628244184,11546.2,0.95,51791.3,69532.4,NA,NA,NA,NA,NA,NA,NA
"m[2,15] Assoc CMLT",70815.3137933333,70490,70294.3971244599,12283.3,0.95,62800.6,79134.1,NA,NA,NA,NA,NA,NA,NA
"m[3,15] Full CMLT",98269.71286,98110.45,98508.6523291934,10572.9,0.95,87050.2,109422,NA,NA,NA,NA,NA,NA,NA
"m[4,15] Endow CMLT",124398.831273333,124248.5,123087.277959161,6887.2,0.95,109551,139970,NA,NA,NA,NA,NA,NA,NA
"m[5,15] Disting CMLT",151639.519533333,151756.5,151863.879498221,3184.5,0.95,132365,171700,NA,NA,NA,NA,NA,NA,NA
"m[1,16] Assis CRIN",64153.5159866667,64201.85,64394.0441568791,13351.3,0.95,61305.5,66821.4,NA,NA,NA,NA,NA,NA,NA
"m[2,16] Assoc CRIN",74360.37428,74306,74180.5914066439,14469.9,0.95,71273.1,77541.4,NA,NA,NA,NA,NA,NA,NA
"m[3,16] Full CRIN",97863.61162,97797.2,97814.4321996143,9538.3,0.95,91917.3,103909,NA,NA,NA,NA,NA,NA,NA
"m[4,16] Endow CRIN",122086.468306667,121481.5,120011.160191643,6069.3,0.95,112770,133008,NA,NA,NA,NA,NA,NA,NA
"m[5,16] Disting CRIN",152418.022133333,152479,151208.116972959,2463.7,0.95,132987,170990,NA,NA,NA,NA,NA,NA,NA
"m[1,17] Assis CSCI",94579.49602,94552.3,94459.497706962,15000,0.95,92216.8,96892.9,NA,NA,NA,NA,NA,NA,NA
"m[2,17] Assoc CSCI",109037.53138,109169,109537.403926304,8178.3,0.95,102269,115094,NA,NA,NA,NA,NA,NA,NA
"m[3,17] Full CSCI",134138.0428,134034.5,133295.874098584,6207.2,0.95,124929,142978,NA,NA,NA,NA,NA,NA,NA
"m[4,17] Endow CSCI",159744.0516,159683,160412.269779354,5088.7,0.95,145461,173693,NA,NA,NA,NA,NA,NA,NA
"m[5,17] Disting CSCI",186993.019266667,187277.5,188303.715607292,3156.7,0.95,167434,205799,NA,NA,NA,NA,NA,NA,NA
"m[1,18] Assis EALC",63540.3136,63552.85,63647.9143875245,14642.6,0.95,59597.4,67879.3,NA,NA,NA,NA,NA,NA,NA
"m[2,18] Assoc EALC",73572.3093333333,73421.05,72946.9525473569,11839.5,0.95,68935.2,78941.2,NA,NA,NA,NA,NA,NA,NA
"m[3,18] Full EALC",102970.978386667,102905.5,102087.211106349,8008.5,0.95,93252.3,113235,NA,NA,NA,NA,NA,NA,NA
"m[4,18] Endow EALC",127443.842133333,127295.5,125464.893839326,6751.1,0.95,113163,141917,NA,NA,NA,NA,NA,NA,NA
"m[5,18] Disting EALC",154686.734733333,154808,155041.009271928,3212.1,0.95,135276,173851,NA,NA,NA,NA,NA,NA,NA
"m[1,19] Assis ECON",115887.349333333,115436,115391.972908429,8860.2,0.95,109103,123639,NA,NA,NA,NA,NA,NA,NA
"m[2,19] Assoc ECON",139827.9596,139265.5,138146.45689498,2167,0.95,123044,159561,NA,NA,NA,NA,NA,NA,NA
"m[3,19] Full ECON",166073.565,165758.5,164601.972686276,2693.8,0.95,149956,182658,NA,NA,NA,NA,NA,NA,NA
"m[4,19] Endow ECON",189218.911533333,188685.5,188273.313100731,2488.2,0.95,171037,208866,NA,NA,NA,NA,NA,NA,NA
"m[5,19] Disting ECON",215110.902,214942,214118.710585401,3691.3,0.95,193541,237709,NA,NA,NA,NA,NA,NA,NA
"m[1,20] Assis ELPS",68806.0253466667,68599,68425.9129628717,13766.6,0.95,61342,76738.3,NA,NA,NA,NA,NA,NA,NA
"m[2,20] Assoc ELPS",82309.3534066667,82183,81548.7188122722,13335.1,0.95,73842.2,91263.8,NA,NA,NA,NA,NA,NA,NA
"m[3,20] Full ELPS",111403.6219,111256,111014.947304282,10233.8,0.95,98347.4,124621,NA,NA,NA,NA,NA,NA,NA
"m[4,20] Endow ELPS",134847.952766667,134724.5,133920.640745568,8525.1,0.95,119074,149925,NA,NA,NA,NA,NA,NA,NA
"m[5,20] Disting ELPS",162240.215733333,162372.5,163286.68078091,3609.2,0.95,142114,182264,NA,NA,NA,NA,NA,NA,NA
"m[1,21] Assis ENG",64888.4059266667,64780.55,64492.4377410456,13300.8,0.95,61183.9,68699.2,NA,NA,NA,NA,NA,NA,NA
"m[2,21] Assoc ENG",78109.0497466667,78079.55,78101.4509454497,15000,0.95,74585,81763.4,NA,NA,NA,NA,NA,NA,NA
"m[3,21] Full ENG",108601.47094,108625,108716.894765537,8540,0.95,101307,116706,NA,NA,NA,NA,NA,NA,NA
"m[4,21] Endow ENG",126017.311073333,125978.5,125606.555798274,5135.5,0.95,112278,140234,NA,NA,NA,NA,NA,NA,NA
"m[5,21] Disting ENG",157348.704533333,157488,157726.570332973,3117.8,0.95,138506,176072,NA,NA,NA,NA,NA,NA,NA
"m[1,22] Assis FINH",61727.45238,61755.05,61602.3252240341,13208.8,0.95,57541.6,66110.1,NA,NA,NA,NA,NA,NA,NA
"m[2,22] Assoc FINH",73177.29228,73238.55,73316.5092115093,9558.7,0.95,66412.7,80273.6,NA,NA,NA,NA,NA,NA,NA
"m[3,22] Full FINH",97463.1967533333,97532.15,97883.9372793233,4271.1,0.95,82892.7,110916,NA,NA,NA,NA,NA,NA,NA
"m[4,22] Endow FINH",124936.668853333,124889.5,124704.214601883,5546.8,0.95,110458,140340,NA,NA,NA,NA,NA,NA,NA
"m[5,22] Disting FINH",152134.307933333,152213,152332.759381189,2777.4,0.95,131678,171703,NA,NA,NA,NA,NA,NA,NA
"m[1,23] Assis FINS",63204.7098666667,63085.45,62980.6132349382,8205.9,0.95,52398.9,74135.2,NA,NA,NA,NA,NA,NA,NA
"m[2,23] Assoc FINS",72863.68978,72801.9,72948.9435375315,13623.1,0.95,67944.5,77786.9,NA,NA,NA,NA,NA,NA,NA
"m[3,23] Full FINS",103194.298946667,103144.5,103758.855498221,7195.8,0.95,89562.6,117545,NA,NA,NA,NA,NA,NA,NA
"m[4,23] Endow FINS",130172.934966667,131232.5,135449.659715407,6242.1,0.95,115795,141329,NA,NA,NA,NA,NA,NA,NA
"m[5,23] Disting FINS",155246.834733333,155370.5,155858.353014096,3213.8,0.95,135174,174998,NA,NA,NA,NA,NA,NA,NA
"m[1,24] Assis FOLK",62658.2306133333,63010.35,63177.7362512898,12333.8,0.95,55268.7,69222.4,NA,NA,NA,NA,NA,NA,NA
"m[2,24] Assoc FOLK",73158.0615533333,73013.5,72851.5543939088,10862.1,0.95,64620.6,82067,NA,NA,NA,NA,NA,NA,NA
"m[3,24] Full FOLK",99683.8628733333,99640.65,99375.9590874364,6567.5,0.95,87121.9,112026,NA,NA,NA,NA,NA,NA,NA
"m[4,24] Endow FOLK",125519.552973333,125225,125039.494984475,9687.3,0.95,115627,137473,NA,NA,NA,NA,NA,NA,NA
"m[5,24] Disting FOLK",153081.277,153144.5,152903.625673023,3539.3,0.95,133584,172391,NA,NA,NA,NA,NA,NA,NA
"m[1,25] Assis FRIT",66564.0497933333,67162.75,68592.4329387061,8005.8,0.95,56257.1,75901.2,NA,NA,NA,NA,NA,NA,NA
"m[2,25] Assoc FRIT",69051.1960133333,68394.15,67291.3747163784,9602.4,0.95,60416.3,79481.7,NA,NA,NA,NA,NA,NA,NA
"m[3,25] Full FRIT",104970.90096,104912.5,104620.957723198,9281.5,0.95,91928.8,118780,NA,NA,NA,NA,NA,NA,NA
"m[4,25] Endow FRIT",127598.34096,127555.5,128448.130417021,8142.4,0.95,111401,143283,NA,NA,NA,NA,NA,NA,NA
"m[5,25] Disting FRIT",154868.268666667,154920,154741.161407199,3744.7,0.95,133843,174201,NA,NA,NA,NA,NA,NA,NA
"m[1,26] Assis GEOG",70645.7138533333,70504.3,70325.5436590503,14365.1,0.95,63949.3,77525.8,NA,NA,NA,NA,NA,NA,NA
"m[2,26] Assoc GEOG",82003.3234733333,80968.8,78843.5188250014,10093.4,0.95,71722.7,95139.7,NA,NA,NA,NA,NA,NA,NA
"m[3,26] Full GEOG",113674.825366667,113827,114569.55883531,8347.4,0.95,101659,126046,NA,NA,NA,NA,NA,NA,NA
"m[4,26] Endow GEOG",136089.91314,135918.5,135707.401717834,7608.8,0.95,120780,152248,NA,NA,NA,NA,NA,NA,NA
"m[5,26] Disting GEOG",163360.808133333,163597.5,164397.072584697,3578.2,0.95,143261,183507,NA,NA,NA,NA,NA,NA,NA
"m[1,27] Assis GEOL",70790.7710333333,70841.75,70806.881707544,11491,0.95,67341.5,74164,NA,NA,NA,NA,NA,NA,NA
"m[2,27] Assoc GEOL",78604.008,78235.3,77856.0381672055,8418.2,0.95,73479.7,84408.5,NA,NA,NA,NA,NA,NA,NA
"m[3,27] Full GEOL",112756.676746667,112740.5,112566.262338658,4629.3,0.95,102657,123124,NA,NA,NA,NA,NA,NA,NA
"m[4,27] Endow GEOL",132456.192353333,132469.5,131789.84623637,4191.7,0.95,117559,146973,NA,NA,NA,NA,NA,NA,NA
"m[5,27] Disting GEOL",161477.3592,161683,161122.695700739,2691.2,0.95,141305,180091,NA,NA,NA,NA,NA,NA,NA
"m[1,28] Assis GERM",57738.8728333333,57818.8,57718.0659528552,8649.7,0.95,41390.6,73375.3,NA,NA,NA,NA,NA,NA,NA
"m[2,28] Assoc GERM",69477.0406733333,68948.85,68475.837782426,12458.1,0.95,56931.2,82278.6,NA,NA,NA,NA,NA,NA,NA
"m[3,28] Full GERM",99199.8530333333,99313.7,99142.731177371,13786.7,0.95,89825.3,108649,NA,NA,NA,NA,NA,NA,NA
"m[4,28] Endow GERM",120593.37328,120717.5,121361.765626556,7660.6,0.95,103011,137690,NA,NA,NA,NA,NA,NA,NA
"m[5,28] Disting GERM",149593.323353333,149684,148758.51242128,3409.8,0.95,128343,170913,NA,NA,NA,NA,NA,NA,NA
"m[1,29] Assis HIST",67114.5612733333,67052.65,66938.9897220707,15000,0.95,64404.5,70013.7,NA,NA,NA,NA,NA,NA,NA
"m[2,29] Assoc HIST",80686.4820866667,80578.35,80457.6831277954,10428.9,0.95,73749,87436.6,NA,NA,NA,NA,NA,NA,NA
"m[3,29] Full HIST",110048.82784,110016,109948.055832155,7734.4,0.95,101742,118918,NA,NA,NA,NA,NA,NA,NA
"m[4,29] Endow HIST",136918.0042,137223.5,137940.813499894,3789,0.95,126128,147572,NA,NA,NA,NA,NA,NA,NA
"m[5,29] Disting HIST",161542.725666667,161720.5,162692.580014311,3417.7,0.95,142286,180459,NA,NA,NA,NA,NA,NA,NA
"m[1,30] Assis INFO",92803.7251266667,92919.6,93114.4264588298,11639.4,0.95,83733.7,102292,NA,NA,NA,NA,NA,NA,NA
"m[2,30] Assoc INFO",102192.154806667,102141,102088.79385797,13666,0.95,94790.7,109593,NA,NA,NA,NA,NA,NA,NA
"m[3,30] Full INFO",136002.704533333,136244.5,136466.092142161,9300.4,0.95,125867,146258,NA,NA,NA,NA,NA,NA,NA
"m[4,30] Endow INFO",156024.885,155178.5,154111.028048957,9622.7,0.95,145960,168386,NA,NA,NA,NA,NA,NA,NA
"m[5,30] Disting INFO",184432.891066667,184605,185024.618592256,3688.7,0.95,164604,203287,NA,NA,NA,NA,NA,NA,NA
"m[1,31] Assis JOUR",69824.0758666667,69905.35,70039.9259756455,14167,0.95,66967.6,72892.8,NA,NA,NA,NA,NA,NA,NA
"m[2,31] Assoc JOUR",83212.3259466667,83319.45,83345.5609346991,7525.1,0.95,76042.4,90142.9,NA,NA,NA,NA,NA,NA,NA
"m[3,31] Full JOUR",102769.106893333,102436.5,101356.426300534,5750.9,0.95,94102.2,112724,NA,NA,NA,NA,NA,NA,NA
"m[4,31] Endow JOUR",132833.868266667,132706,132433.534242792,5006.7,0.95,119048,147793,NA,NA,NA,NA,NA,NA,NA
"m[5,31] Disting JOUR",159991.990466667,160338,161630.20238507,3044.6,0.95,140548,179102,NA,NA,NA,NA,NA,NA,NA
"m[1,32] Assis KINE",71227.7150466667,70929.5,69992.945513137,13126.3,0.95,64650.4,78211.2,NA,NA,NA,NA,NA,NA,NA
"m[2,32] Assoc KINE",85849.6077933333,85990.5,86302.787563078,14762.1,0.95,78162.8,93062.2,NA,NA,NA,NA,NA,NA,NA
"m[3,32] Full KINE",115654.570546667,115650,115421.277370296,11909.1,0.95,107016,124468,NA,NA,NA,NA,NA,NA,NA
"m[4,32] Endow KINE",138267.742733333,138227.5,139546.374001486,8621.5,0.95,123216,152692,NA,NA,NA,NA,NA,NA,NA
"m[5,32] Disting KINE",165556.4238,165678,165815.445427907,3459.3,0.95,146109,184847,NA,NA,NA,NA,NA,NA,NA
"m[1,33] Assis LAWS",129604.046626667,129822,130863.944341258,742.6,0.95,115987,143587,NA,NA,NA,NA,NA,NA,NA
"m[2,33] Assoc LAWS",148785.5322,148789,148739.236554754,14044.3,0.95,147879,149796,NA,NA,NA,NA,NA,NA,NA
"m[3,33] Full LAWS",164916.1764,164812,164653.164350167,1136.8,0.95,156123,173905,NA,NA,NA,NA,NA,NA,NA
"m[4,33] Endow LAWS",195055.330666667,195055.5,195243.477677292,1482.3,0.95,184582,205212,NA,NA,NA,NA,NA,NA,NA
"m[5,33] Disting LAWS",219244.197466667,219670,220420.822928681,827.5,0.95,197192,240490,NA,NA,NA,NA,NA,NA,NA
"m[1,34] Assis LGED",63233.58002,63360.5,63456.6323089767,8538.3,0.95,59906.4,66463.9,NA,NA,NA,NA,NA,NA,NA
"m[2,34] Assoc LGED",74419.1092533333,74409,74404.6860079329,11364.8,0.95,71218.8,77490.2,NA,NA,NA,NA,NA,NA,NA
"m[3,34] Full LGED",98635.08012,98363.8,99176.6460865496,2498.3,0.95,87442.9,111509,NA,NA,NA,NA,NA,NA,NA
"m[4,34] Endow LGED",126320.93726,126271.5,126048.334800841,2743.9,0.95,111912,140711,NA,NA,NA,NA,NA,NA,NA
"m[5,34] Disting LGED",153526.079466667,153665,153944.851914033,2298,0.95,133251,171363,NA,NA,NA,NA,NA,NA,NA
"m[1,35] Assis LING",69234.2886666667,69742.35,70195.2149218263,10805.9,0.95,57237.9,80800.7,NA,NA,NA,NA,NA,NA,NA
"m[2,35] Assoc LING",80683.9053733333,80615.2,80447.7683806826,13425,0.95,71198.4,90086.2,NA,NA,NA,NA,NA,NA,NA
"m[3,35] Full LING",107583.539946667,107531,108315.906998927,10468.1,0.95,94316.4,120884,NA,NA,NA,NA,NA,NA,NA
"m[4,35] Endow LING",133205.038106667,133130.5,133587.180179476,9308.8,0.95,116932,149317,NA,NA,NA,NA,NA,NA,NA
"m[5,35] Disting LING",160438.479333333,160642,163161.585438948,3715.8,0.95,139508,180495,NA,NA,NA,NA,NA,NA,NA
"m[1,36] Assis MATH",81333.6861866667,81640.85,81888.0785584308,6237.7,0.95,76877.4,85013.7,NA,NA,NA,NA,NA,NA,NA
"m[2,36] Assoc MATH",86020.2899933333,86022.9,85923.7692767569,9052.4,0.95,77956.6,93626.6,NA,NA,NA,NA,NA,NA,NA
"m[3,36] Full MATH",105965.989106667,105898,105891.260484552,6058.2,0.95,99885.8,112186,NA,NA,NA,NA,NA,NA,NA
"m[4,36] Endow MATH",139406.260733333,139358,139422.023814122,4928,0.95,125112,153995,NA,NA,NA,NA,NA,NA,NA
"m[5,36] Disting MATH",162801.725333333,162912.5,165180.05409527,2608.2,0.95,144623,181665,NA,NA,NA,NA,NA,NA,NA
"m[1,37] Assis MGMT",139499.940266667,138865.5,138154.5236991,3710.6,0.95,132842,147956,NA,NA,NA,NA,NA,NA,NA
"m[2,37] Assoc MGMT",164070.0564,165000,165308.825681244,3546.8,0.95,155625,168940,NA,NA,NA,NA,NA,NA,NA
"m[3,37] Full MGMT",185935.9944,185961.5,185952.112018115,4376.8,0.95,170802,199502,NA,NA,NA,NA,NA,NA,NA
"m[4,37] Endow MGMT",213515.342133333,213673,214536.789136627,3891,0.95,200095,227210,NA,NA,NA,NA,NA,NA,NA
"m[5,37] Disting MGMT",237974.616666667,238145,236852.633331011,3014.1,0.95,218284,257727,NA,NA,NA,NA,NA,NA,NA
"m[1,38] Assis MKTG",151244.363333333,150990,150828.893989602,6636,0.95,148074,155075,NA,NA,NA,NA,NA,NA,NA
"m[2,38] Assoc MKTG",170593.724266667,170816.5,171233.610936012,3020.7,0.95,161274,179935,NA,NA,NA,NA,NA,NA,NA
"m[3,38] Full MKTG",192510.747266667,192650,193472.190393354,2548.3,0.95,177740,206152,NA,NA,NA,NA,NA,NA,NA
"m[4,38] Endow MKTG",221476.449733333,221615.5,222390.00168145,2958.9,0.95,208157,233611,NA,NA,NA,NA,NA,NA,NA
"m[5,38] Disting MKTG",246233.707466667,246406.5,244753.381976565,2274.3,0.95,226986,266588,NA,NA,NA,NA,NA,NA,NA
"m[1,39] Assis MUHI",55120.39988,54796.3,54502.3380775693,12426.7,0.95,44230.7,65901.9,NA,NA,NA,NA,NA,NA,NA
"m[2,39] Assoc MUHI",67423.62774,67406.1,66922.4083814631,14135.7,0.95,59974.2,75436.9,NA,NA,NA,NA,NA,NA,NA
"m[3,39] Full MUHI",97068.4519466667,97121.45,96895.2930500271,12450.7,0.95,86486,107400,NA,NA,NA,NA,NA,NA,NA
"m[4,39] Endow MUHI",120069.1559,119989.5,119658.413361383,8191.1,0.95,105245,135693,NA,NA,NA,NA,NA,NA,NA
"m[5,39] Disting MUHI",145300.918333333,145675,146925.217018747,3017,0.95,124144,167018,NA,NA,NA,NA,NA,NA,NA
"m[1,40] Assis MUIN",60629.5146333333,59761.15,57920.6124408457,8474.8,0.95,50582.4,71878.4,NA,NA,NA,NA,NA,NA,NA
"m[2,40] Assoc MUIN",78740.4683133333,78884.4,78841.7807444719,6794.2,0.95,68661.6,89079.1,NA,NA,NA,NA,NA,NA,NA
"m[3,40] Full MUIN",99771.7727066667,99780.5,99840.3414061377,14549.2,0.95,94838.6,104896,NA,NA,NA,NA,NA,NA,NA
"m[4,40] Endow MUIN",126671.92954,126724,128113.279720326,9072,0.95,114378,137890,NA,NA,NA,NA,NA,NA,NA
"m[5,40] Disting MUIN",153699.850133333,153794.5,153324.585977371,3966.8,0.95,135262,170820,NA,NA,NA,NA,NA,NA,NA
"m[1,41] Assis MUST",83687.3102933333,83644.6,82983.6605674148,9626.9,0.95,65565,100518,NA,NA,NA,NA,NA,NA,NA
"m[2,41] Assoc MUST",93456.0769,93658.45,93555.0423598917,6398,0.95,74398.2,111585,NA,NA,NA,NA,NA,NA,NA
"m[3,41] Full MUST",125550.860606667,125632.5,125625.995425301,13915.4,0.95,113946,137590,NA,NA,NA,NA,NA,NA,NA
"m[4,41] Endow MUST",148464.3284,148309,147136.037107014,12687.4,0.95,135302,163115,NA,NA,NA,NA,NA,NA,NA
"m[5,41] Disting MUST",175528.839933333,175728,176989.839115823,3599.9,0.95,152256,197633,NA,NA,NA,NA,NA,NA,NA
"m[1,42] Assis MUTH",54967.8291666667,55508.6,56048.7213978857,10026.6,0.95,43649,64698.3,NA,NA,NA,NA,NA,NA,NA
"m[2,42] Assoc MUTH",65004.5941533333,64796.2,64566.6696106362,13983.2,0.95,58184.3,72316.5,NA,NA,NA,NA,NA,NA,NA
"m[3,42] Full MUTH",93982.4285666667,94016.9,94990.7698609523,11640.1,0.95,83910.2,103558,NA,NA,NA,NA,NA,NA,NA
"m[4,42] Endow MUTH",118859.82788,118846.5,119038.183292213,7541.7,0.95,103786,133757,NA,NA,NA,NA,NA,NA,NA
"m[5,42] Disting MUTH",146137.8288,146362,146691.391945813,3482.3,0.95,126132,165320,NA,NA,NA,NA,NA,NA,NA
"m[1,43] Assis MUVO",59955.9940066667,60109.05,59295.693241369,9449.9,0.95,43850.6,76307.4,NA,NA,NA,NA,NA,NA,NA
"m[2,43] Assoc MUVO",73510.8037733333,74031.85,74636.0303770901,13499.5,0.95,61423.2,84472.8,NA,NA,NA,NA,NA,NA,NA
"m[3,43] Full MUVO",99346.2037933333,99266.35,99551.7948695379,13711.4,0.95,88448.8,111097,NA,NA,NA,NA,NA,NA,NA
"m[4,43] Endow MUVO",124468.65636,124450.5,123570.237982772,9106.2,0.95,106802,141610,NA,NA,NA,NA,NA,NA,NA
"m[5,43] Disting MUVO",149846.785933333,150223.5,151145.973058316,2717.7,0.95,127032,172755,NA,NA,NA,NA,NA,NA,NA
"m[1,44] Assis OADT",148012.593533333,148150,148132.557936063,12893.2,0.95,142605,153033,NA,NA,NA,NA,NA,NA,NA
"m[2,44] Assoc OADT",163661.359666667,164367,165891.639003788,7641,0.95,154428,171267,NA,NA,NA,NA,NA,NA,NA
"m[3,44] Full OADT",183845.167266667,183917.5,182932.340585837,5199,0.95,169954,198297,NA,NA,NA,NA,NA,NA,NA
"m[4,44] Endow OADT",212240.104866667,212204.5,212233.102945723,6961.8,0.95,197677,226636,NA,NA,NA,NA,NA,NA,NA
"m[5,44] Disting OADT",239258.8378,239505.5,240001.604912508,2866.3,0.95,219089,258797,NA,NA,NA,NA,NA,NA,NA
"m[1,45] Assis OPT",75693.85062,76337.95,76442.2674022745,2643.6,0.95,69538.2,78958.8,NA,NA,NA,NA,NA,NA,NA
"m[2,45] Assoc OPT",80577.1238066667,80535.75,80441.9679418963,8581.8,0.95,74759.8,86230.7,NA,NA,NA,NA,NA,NA,NA
"m[3,45] Full OPT",101923.861706667,101398.5,100677.672260623,4780.4,0.95,95398.3,110071,NA,NA,NA,NA,NA,NA,NA
"m[4,45] Endow OPT",133400.343466667,133314,133365.716269968,3807.1,0.95,119069,147024,NA,NA,NA,NA,NA,NA,NA
"m[5,45] Disting OPT",160596.469933333,160868.5,161374.038292568,2447.1,0.95,140658,178717,NA,NA,NA,NA,NA,NA,NA
"m[1,46] Assis PHYS",78096.9276733333,78053.6,77989.0393639632,13417.2,0.95,76435.7,79787.9,NA,NA,NA,NA,NA,NA,NA
"m[2,46] Assoc PHYS",94744.2331133333,94799.3,94609.1958364953,9624.6,0.95,90424,98996,NA,NA,NA,NA,NA,NA,NA
"m[3,46] Full PHYS",125046.092666667,125014,124952.648896251,3025.6,0.95,115006,135189,NA,NA,NA,NA,NA,NA,NA
"m[4,46] Endow PHYS",145643.2496,145555,146578.63154297,2896.2,0.95,132087,160309,NA,NA,NA,NA,NA,NA,NA
"m[5,46] Disting PHYS",169800.018866667,169761,169136.748430511,2074.2,0.95,150818,188991,NA,NA,NA,NA,NA,NA,NA
"m[1,47] Assis PL",67849.50168,67670.25,67012.1039823695,12710.4,0.95,56791.9,79365,NA,NA,NA,NA,NA,NA,NA
"m[2,47] Assoc PL",78291.7395266667,77536.85,76454.2520524242,12284.6,0.95,68735.2,89754.5,NA,NA,NA,NA,NA,NA,NA
"m[3,47] Full PL",110730.419966667,110811,111256.408497543,11955.2,0.95,98031,123172,NA,NA,NA,NA,NA,NA,NA
"m[4,47] Endow PL",133529.668666667,133337.5,133556.427765095,9950.4,0.95,119253,148613,NA,NA,NA,NA,NA,NA,NA
"m[5,47] Disting PL",160374.177266667,160477,160524.435609271,3890,0.95,140245,181299,NA,NA,NA,NA,NA,NA,NA
"m[1,48] Assis POLS",81259.06972,80738.1,80471.3466774554,8972.3,0.95,74674.8,89759,NA,NA,NA,NA,NA,NA,NA
"m[2,48] Assoc POLS",88545.9054933333,88236.3,88073.9264972635,8323.1,0.95,81041.6,96163.1,NA,NA,NA,NA,NA,NA,NA
"m[3,48] Full POLS",125707.2048,125567.5,124475.066720985,4694,0.95,114360,137407,NA,NA,NA,NA,NA,NA,NA
"m[4,48] Endow POLS",150625.073133333,150084.5,149172.836089677,2265.8,0.95,134458,167878,NA,NA,NA,NA,NA,NA,NA
"m[5,48] Disting POLS",177371.992733333,177436,176868.06882595,3498.9,0.95,158193,196438,NA,NA,NA,NA,NA,NA,NA
"m[1,49] Assis PSY",81587.6501266667,81667.85,81895.6137739533,13072.8,0.95,76982.4,85947,NA,NA,NA,NA,NA,NA,NA
"m[2,49] Assoc PSY",85002.9347533333,84735.75,84622.6240913175,9119.8,0.95,77677.1,92092.2,NA,NA,NA,NA,NA,NA,NA
"m[3,49] Full PSY",114999.2238,114902,113697.418257719,9701.4,0.95,104801,125295,NA,NA,NA,NA,NA,NA,NA
"m[4,49] Endow PSY",146398.525733333,146304.5,147482.087147971,4416.7,0.95,132006,161432,NA,NA,NA,NA,NA,NA,NA
"m[5,49] Disting PSY",172176.504733333,172269.5,171650.472306927,3866,0.95,154304,189789,NA,NA,NA,NA,NA,NA,NA
"m[1,50] Assis REL",62222.6695933333,62180.4,62142.0251629723,13555.3,0.95,60691.7,63907.7,NA,NA,NA,NA,NA,NA,NA
"m[2,50] Assoc REL",75176.04362,75074.55,74859.4084538638,8656.7,0.95,71569.6,78664.6,NA,NA,NA,NA,NA,NA,NA
"m[3,50] Full REL",105393.488126667,105324.5,105143.453267258,1857.8,0.95,92738.7,117964,NA,NA,NA,NA,NA,NA,NA
"m[4,50] Endow REL",128425.793373333,128344.5,127981.517698984,2037.6,0.95,114419,142898,NA,NA,NA,NA,NA,NA,NA
"m[5,50] Disting REL",155680.717333333,155847.5,154888.134213589,1969.5,0.95,136360,174817,NA,NA,NA,NA,NA,NA,NA
"m[1,51] Assis RPAD",73953.0381133333,73185.35,72129.1467255615,4094.3,0.95,65784.9,83961.1,NA,NA,NA,NA,NA,NA,NA
"m[2,51] Assoc RPAD",91863.833,92046.2,92618.5015117783,11741.3,0.95,84883.5,98495.5,NA,NA,NA,NA,NA,NA,NA
"m[3,51] Full RPAD",121937.949973333,122996,123633.241148049,8310,0.95,112223,128256,NA,NA,NA,NA,NA,NA,NA
"m[4,51] Endow RPAD",143179.092666667,143214,143555.948669429,6788,0.95,128985,158479,NA,NA,NA,NA,NA,NA,NA
"m[5,51] Disting RPAD",170477.7602,170592.5,169521.995423766,2910.8,0.95,151302,190268,NA,NA,NA,NA,NA,NA,NA
"m[1,52] Assis SLIS",88196.40406,88424.15,88976.1107726143,10419.7,0.95,80084.9,95980.7,NA,NA,NA,NA,NA,NA,NA
"m[2,52] Assoc SLIS",98758.1000066667,98785.5,99012.2852816002,15437.1,0.95,93910.7,103132,NA,NA,NA,NA,NA,NA,NA
"m[3,52] Full SLIS",124602.773,123766,120549.116095357,9338,0.95,114627,136924,NA,NA,NA,NA,NA,NA,NA
"m[4,52] Endow SLIS",152967.1202,152886.5,152982.643494731,7599.2,0.95,139636,166467,NA,NA,NA,NA,NA,NA,NA
"m[5,52] Disting SLIS",178836.096866667,179088,181286.727161401,3348.2,0.95,158899,198096,NA,NA,NA,NA,NA,NA,NA
"m[1,53] Assis SLS",59645.8439666667,59853.25,59946.1695473459,11537.8,0.95,54634.3,63755.2,NA,NA,NA,NA,NA,NA,NA
"m[2,53] Assoc SLS",69331.80258,69213.6,69026.2387873136,7480.8,0.95,62770.3,76399.9,NA,NA,NA,NA,NA,NA,NA
"m[3,53] Full SLS",94630.8726133333,93961.8,88741.5489797471,4331.8,0.95,83738.2,107418,NA,NA,NA,NA,NA,NA,NA
"m[4,53] Endow SLS",121952.17396,121930.5,122546.08312859,4175.6,0.95,107085,136676,NA,NA,NA,NA,NA,NA,NA
"m[5,53] Disting SLS",149165.972933333,149334,150740.622477969,2556.2,0.95,128911,168322,NA,NA,NA,NA,NA,NA,NA
"m[1,54] Assis SOC",74932.6658333333,74945.35,75045.8454488834,14535.9,0.95,73160.3,76605.5,NA,NA,NA,NA,NA,NA,NA
"m[2,54] Assoc SOC",87761.0292066667,87714.95,87480.7591491663,5331.8,0.95,80023.7,95933.5,NA,NA,NA,NA,NA,NA,NA
"m[3,54] Full SOC",115486.092086667,115468.5,115535.526224892,4467.3,0.95,106759,124748,NA,NA,NA,NA,NA,NA,NA
"m[4,54] Endow SOC",142952.745333333,143058,143728.000213822,3254.8,0.95,130193,155039,NA,NA,NA,NA,NA,NA,NA
"m[5,54] Disting SOC",166569.441866667,165248,163116.759618033,3254.9,0.95,152865,183471,NA,NA,NA,NA,NA,NA,NA
"m[1,55] Assis SPAN",62393.7984666667,62300.1,62087.7178611149,12603.6,0.95,58501.7,66487.1,NA,NA,NA,NA,NA,NA,NA
"m[2,55] Assoc SPAN",73094.7452266667,72988.65,72936.733479613,14016.7,0.95,69029.1,77118.9,NA,NA,NA,NA,NA,NA,NA
"m[3,55] Full SPAN",103378.274473333,103288,103107.910930768,8344.6,0.95,94447.7,112208,NA,NA,NA,NA,NA,NA,NA
"m[4,55] Endow SPAN",127227.188346667,127079,125892.683165754,5711.8,0.95,113304,141763,NA,NA,NA,NA,NA,NA,NA
"m[5,55] Disting SPAN",154464.999533333,154634,155035.350008134,2924.5,0.95,134920,173117,NA,NA,NA,NA,NA,NA,NA
"m[1,56] Assis SPEA",96039.3690933333,96069.65,96452.3378559902,15000,0.95,91215.4,100646,NA,NA,NA,NA,NA,NA,NA
"m[2,56] Assoc SPEA",104810.325606667,104737.5,104681.814243037,11373.2,0.95,97969.6,111851,NA,NA,NA,NA,NA,NA,NA
"m[3,56] Full SPEA",137955.812133333,137988,138041.731076563,9636.3,0.95,128586,147328,NA,NA,NA,NA,NA,NA,NA
"m[4,56] Endow SPEA",156327.135733333,156166,156129.799775526,7596.8,0.95,143311,169786,NA,NA,NA,NA,NA,NA,NA
"m[5,56] Disting SPEA",188899.075733333,189098.5,189263.977689167,3489.2,0.95,169119,207964,NA,NA,NA,NA,NA,NA,NA
"m[1,57] Assis SPHS",79550.49602,79426.6,79251.9613018799,15000,0.95,74922,84206.2,NA,NA,NA,NA,NA,NA,NA
"m[2,57] Assoc SPHS",94646.44188,94771.4,94826.9218105969,12246.2,0.95,87859.8,101245,NA,NA,NA,NA,NA,NA,NA
"m[3,57] Full SPHS",120937.48036,120846.5,120058.58443449,9542.1,0.95,111202,130574,NA,NA,NA,NA,NA,NA,NA
"m[4,57] Endow SPHS",146077.701,145981.5,145800.095826489,5197.3,0.95,131336,160491,NA,NA,NA,NA,NA,NA,NA
"m[5,57] Disting SPHS",174587.677066667,174731,174385.322561072,3500.1,0.95,154555,193385,NA,NA,NA,NA,NA,NA,NA
"m[1,58] Assis STAT",83435.9516866667,83229,82910.8443045841,9596.8,0.95,76295.6,91114.7,NA,NA,NA,NA,NA,NA,NA
"m[2,58] Assoc STAT",94494.49204,93566.9,87790.4819558536,5229.4,0.95,82596,109782,NA,NA,NA,NA,NA,NA,NA
"m[3,58] Full STAT",124580.986706667,124388,124587.375701232,5320.7,0.95,109457,141658,NA,NA,NA,NA,NA,NA,NA
"m[4,58] Endow STAT",151726.846466667,151274,150779.76487444,3834.3,0.95,134871,171333,NA,NA,NA,NA,NA,NA,NA
"m[5,58] Disting STAT",178388.5204,180173,183745.492043336,4918.9,0.95,159738,193632,NA,NA,NA,NA,NA,NA,NA
"m[1,59] Assis TELC",68795.4114933333,68739.65,68940.2525556035,15000,0.95,63868.3,73839.7,NA,NA,NA,NA,NA,NA,NA
"m[2,59] Assoc TELC",80465.1603666667,80123.45,79761.0409684094,8159.5,0.95,70457.3,91051.2,NA,NA,NA,NA,NA,NA,NA
"m[3,59] Full TELC",111177.438753333,111242,111991.439446062,7531.1,0.95,100485,121969,NA,NA,NA,NA,NA,NA,NA
"m[4,59] Endow TELC",134951.3382,134819.5,134342.848803602,6443.8,0.95,119906,149862,NA,NA,NA,NA,NA,NA,NA
"m[5,59] Disting TELC",164390.579533333,165760.5,172375.295091726,3689.1,0.95,145274,178457,NA,NA,NA,NA,NA,NA,NA
"m[1,60] Assis THTR",59234.1473466667,59298.7,59426.2601367502,11242.1,0.95,55958.6,62288.4,NA,NA,NA,NA,NA,NA,NA
"m[2,60] Assoc THTR",67285.7398,67221.35,67165.0594209154,14287.9,0.95,64022.3,70793.1,NA,NA,NA,NA,NA,NA,NA
"m[3,60] Full THTR",97556.10556,97492.8,97965.4273563874,3674.5,0.95,84427.5,111459,NA,NA,NA,NA,NA,NA,NA
"m[4,60] Endow THTR",122306.1122,122147,121534.385496985,3556.7,0.95,107300,136468,NA,NA,NA,NA,NA,NA,NA
"m[5,60] Disting THTR",149558.463533333,149702,150174.941120817,2568.5,0.95,130593,169207,NA,NA,NA,NA,NA,NA,NA
"a1SD",48402.6262666667,43489.95,38260.82836745,6955.7,0.95,19926.9,87307.5,NA,NA,NA,NA,NA,NA,NA
"a2SD",31809.2902733333,31568.1,30955.3189665036,5256.8,0.95,26268.6,38243.8,NA,NA,NA,NA,NA,NA,NA
"a1a2SD",5313.02584133333,5239.275,5133.08037287621,493.4,0.95,3563.56,7126.15,NA,NA,NA,NA,NA,NA,NA
"ySigma[1,1] Assis ACTG",4429.28459733333,4006.775,3368.73427443716,10530.5,0.95,1444.35,8242.21,NA,NA,NA,NA,NA,NA,NA
"ySigma[2,1] Assoc ACTG",8495.3323316,6293.66,2580.77562338791,5996,0.95,540.316,23264.4,NA,NA,NA,NA,NA,NA,NA
"ySigma[3,1] Full ACTG",34650.0514686667,33338.55,30593.0123101771,10117.7,0.95,16501,55688,NA,NA,NA,NA,NA,NA,NA
"ySigma[4,1] Endow ACTG",16275.578562,14505,10471.1628330747,8219.9,0.95,4251.78,33399.2,NA,NA,NA,NA,NA,NA,NA
"ySigma[5,1] Disting ACTG",13486.2387928733,10179.85,3569.96087336388,15000,0.95,33.3004,37005.9,NA,NA,NA,NA,NA,NA,NA
"ySigma[1,2] Assis AFRO",13530.492551208,10381.6,3755.31056011674,15000,0.95,8.7294,36859.9,NA,NA,NA,NA,NA,NA,NA
"ySigma[2,2] Assoc AFRO",11222.6140833333,9838.35,7289.71106119681,11691,0.95,2828.8,22678.2,NA,NA,NA,NA,NA,NA,NA
"ySigma[3,2] Full AFRO",13815.1826666667,12575.8,10539.7979101617,14119.2,0.95,4658.55,26071.6,NA,NA,NA,NA,NA,NA,NA
"ySigma[4,2] Endow AFRO",13467.9972197933,10234.95,3681.12588798565,14337.8,0.95,8.7294,36614.1,NA,NA,NA,NA,NA,NA,NA
"ySigma[5,2] Disting AFRO",13544.428668114,10118.9,3728.38075731485,15000,0.95,9.90691,37621.1,NA,NA,NA,NA,NA,NA,NA
"ySigma[1,3] Assis AMST",5541.27690493333,4306.93,2973.63052236061,7261,0.95,946.106,13346.3,NA,NA,NA,NA,NA,NA,NA
"ySigma[2,3] Assoc AMST",2165.25488453333,1668.71,1193.91761937791,6445,0.95,483.377,5342.74,NA,NA,NA,NA,NA,NA,NA
"ySigma[3,3] Full AMST",13343.5753211667,9982.01,3762.05442105076,15000,0.95,8.7294,36644.9,NA,NA,NA,NA,NA,NA,NA
"ySigma[4,3] Endow AMST",13503.1466482067,10190.2,3929.252142187,14356.2,0.95,26.2034,37229.2,NA,NA,NA,NA,NA,NA,NA
"ySigma[5,3] Disting AMST",13399.8181567333,10069.55,4026.21245155605,15516.8,0.95,8.7294,36500.2,NA,NA,NA,NA,NA,NA,NA
"ySigma[1,4] Assis ANTH",12145.4284010133,9805.88,5800.91471271313,8282.4,0.95,49.1928,30868.1,NA,NA,NA,NA,NA,NA,NA
"ySigma[2,4] Assoc ANTH",5094.83454466667,4818.805,4303.7794807527,12492.6,0.95,2320.37,8388.23,NA,NA,NA,NA,NA,NA,NA
"ySigma[3,4] Full ANTH",19168.256922,18239.3,16364.7351384375,8448.3,0.95,8958.91,31035.2,NA,NA,NA,NA,NA,NA,NA
"ySigma[4,4] Endow ANTH",12207.9141309467,9791.22,6408.76736674337,7783,0.95,8.7294,30956.7,NA,NA,NA,NA,NA,NA,NA
"ySigma[5,4] Disting ANTH",13613.58774738,10387.55,3760.52920059914,15000,0.95,17.4818,37264.1,NA,NA,NA,NA,NA,NA,NA
"ySigma[1,5] Assis APHS",2249.92921493333,1893.405,1467.64237798065,7984.7,0.95,577.663,4806.52,NA,NA,NA,NA,NA,NA,NA
"ySigma[2,5] Assoc APHS",6280.200684,5893.15,5436.7563281391,12164.9,0.95,2952.07,10455.8,NA,NA,NA,NA,NA,NA,NA
"ySigma[3,5] Full APHS",29741.1467713333,28103.25,25400.2918027482,10421.3,0.95,11983.7,50060,NA,NA,NA,NA,NA,NA,NA
"ySigma[4,5] Endow APHS",13388.57638018,10066.3,3789.7521666569,15000,0.95,13.9571,37118.7,NA,NA,NA,NA,NA,NA,NA
"ySigma[5,5] Disting APHS",13579.3301725787,10233.3,3767.11044241438,15000,0.95,8.7294,37353.1,NA,NA,NA,NA,NA,NA,NA
"ySigma[1,6] Assis AST",9025.139019058,6597.875,2612.93724661506,7541,0.95,8.7294,25260.6,NA,NA,NA,NA,NA,NA,NA
"ySigma[2,6] Assoc AST",3467.13954294667,1445.475,392.588586219915,2342.3,0.95,14.4067,13637.5,NA,NA,NA,NA,NA,NA,NA
"ySigma[3,6] Full AST",21016.7488406667,19312.5,16577.1761100599,11399.1,0.95,7976.11,38639.5,NA,NA,NA,NA,NA,NA,NA
"ySigma[4,6] Endow AST",35391.3296153333,33089.85,28447.8464107969,9269.6,0.95,10427.1,64760.5,NA,NA,NA,NA,NA,NA,NA
"ySigma[5,6] Disting AST",13408.42892012,10073.3,4064.85553417007,15000,0.95,8.7294,37317.5,NA,NA,NA,NA,NA,NA,NA
"ySigma[1,7] Assis BEPP",84.5991527946667,13.14455,15.2088531526475,1530.1,0.95,8.7294,325.463,NA,NA,NA,NA,NA,NA,NA
"ySigma[2,7] Assoc BEPP",10299.8826993333,9143.14,7497.9103189856,1988.2,0.95,3411.32,20166.3,NA,NA,NA,NA,NA,NA,NA
"ySigma[3,7] Full BEPP",13379.03142033,10027.3,4088.50812522601,15000,0.95,8.7294,36758,NA,NA,NA,NA,NA,NA,NA
"ySigma[4,7] Endow BEPP",29539.942352,27539,25144.6750195622,12371,0.95,10657.5,53228,NA,NA,NA,NA,NA,NA,NA
"ySigma[5,7] Disting BEPP",13544.0223155133,10368.25,3959.81532030612,15000,0.95,8.7294,36649,NA,NA,NA,NA,NA,NA,NA
"ySigma[1,8] Assis BFIN",7862.07594733333,7154.985,6042.23027748532,12476.9,0.95,2973.91,14086.1,NA,NA,NA,NA,NA,NA,NA
"ySigma[2,8] Assoc BFIN",13227.7257893333,12519.85,11228.074043725,11184.7,0.95,5800.87,21759.1,NA,NA,NA,NA,NA,NA,NA
"ySigma[3,8] Full BFIN",32127.3513206667,30368.9,26538.5472278505,12537.9,0.95,13614.1,54363.9,NA,NA,NA,NA,NA,NA,NA
"ySigma[4,8] Endow BFIN",23114.7511686667,21327.75,17061.7866395804,10318.4,0.95,6410.32,43843.8,NA,NA,NA,NA,NA,NA,NA
"ySigma[5,8] Disting BFIN",13425.8085109,10395.35,3854.46385982748,13942.9,0.95,8.7294,35965.1,NA,NA,NA,NA,NA,NA,NA
"ySigma[1,9] Assis BI",482.746214933333,450.1475,408.680931308197,11010.5,0.95,189.112,842.913,NA,NA,NA,NA,NA,NA,NA
"ySigma[2,9] Assoc BI",12707.730554,12449.85,12301.8754937371,11585.3,0.95,7970.14,18232.5,NA,NA,NA,NA,NA,NA,NA
"ySigma[3,9] Full BI",18712.2579953333,18090.35,17081.1496850972,12756.8,0.95,10441.1,27673.5,NA,NA,NA,NA,NA,NA,NA
"ySigma[4,9] Endow BI",10123.1551608113,7642.55,3252.79583844082,5316.7,0.95,8.7294,27662.3,NA,NA,NA,NA,NA,NA,NA
"ySigma[5,9] Disting BI",30986.3942126667,29808.9,27706.9540681855,11667.4,0.95,16363,48556.3,NA,NA,NA,NA,NA,NA,NA
"ySigma[1,10] Assis BLAN",10425.3853993333,8973.335,6821.88047519558,10900,0.95,2516.79,22041.7,NA,NA,NA,NA,NA,NA,NA
"ySigma[2,10] Assoc BLAN",7490.01511406667,5686.505,3540.0322095875,7760,0.95,874.577,19165.3,NA,NA,NA,NA,NA,NA,NA
"ySigma[3,10] Full BLAN",9038.22815925333,6454.935,2639.7691662231,8138.5,0.95,8.7294,25913.6,NA,NA,NA,NA,NA,NA,NA
"ySigma[4,10] Endow BLAN",12535.3750566,10178.65,6193.47347453736,9282.6,0.95,39.9616,31406.5,NA,NA,NA,NA,NA,NA,NA
"ySigma[5,10] Disting BLAN",13485.5703003267,10143.9,4266.77052890029,15587.9,0.95,8.7294,36922.2,NA,NA,NA,NA,NA,NA,NA
"ySigma[1,11] Assis CEDP",7529.692374,6991.83,6134.16965993625,12712.5,0.95,3261.32,12964.3,NA,NA,NA,NA,NA,NA,NA
"ySigma[2,11] Assoc CEDP",5385.178046,5101.085,4817.63776215881,13018.4,0.95,2727.26,8736.56,NA,NA,NA,NA,NA,NA,NA
"ySigma[3,11] Full CEDP",13030.635566,12368.75,11378.6875277585,13346.9,0.95,6490.33,20954.1,NA,NA,NA,NA,NA,NA,NA
"ySigma[4,11] Endow CEDP",13489.62564386,10151.5,4449.56747184664,15000,0.95,33.4518,37227.4,NA,NA,NA,NA,NA,NA,NA
"ySigma[5,11] Disting CEDP",13468.7008119867,10164.8,3494.43152038006,14842,0.95,8.7294,37008.7,NA,NA,NA,NA,NA,NA,NA
"ySigma[1,12] Assis CEUS",9420.54888486,6989.48,2694.40147538845,8419.6,0.95,8.7294,26658,NA,NA,NA,NA,NA,NA,NA
"ySigma[2,12] Assoc CEUS",15531.6980426667,14209.6,12176.8988901541,12321.3,0.95,5705.59,28261.6,NA,NA,NA,NA,NA,NA,NA
"ySigma[3,12] Full CEUS",19577.7769366667,18361.9,16402.5899593247,12778.4,0.95,7931.37,32743.7,NA,NA,NA,NA,NA,NA,NA
"ySigma[4,12] Endow CEUS",30302.0751426667,28103.65,24856.8527190697,11587.7,0.95,8527.38,55709.7,NA,NA,NA,NA,NA,NA,NA
"ySigma[5,12] Disting CEUS",13635.92103292,10331.2,3513.35503763195,15000,0.95,8.7294,37271.5,NA,NA,NA,NA,NA,NA,NA
"ySigma[1,13] Assis CHEM",4208.95871266667,3953.98,3566.17663319672,11754.3,0.95,1762.84,7082.71,NA,NA,NA,NA,NA,NA,NA
"ySigma[2,13] Assoc CHEM",15179.4611933333,14472.6,12928.6520134567,13164.7,0.95,7546.5,23966.6,NA,NA,NA,NA,NA,NA,NA
"ySigma[3,13] Full CHEM",30442.633644,29253.1,26561.519570885,7554.8,0.95,15538.5,47851.9,NA,NA,NA,NA,NA,NA,NA
"ySigma[4,13] Endow CHEM",27751.9499266667,26089.35,22487.9210760803,10433.5,0.95,11697.3,47999.9,NA,NA,NA,NA,NA,NA,NA
"ySigma[5,13] Disting CHEM",38465.4202866667,36742.15,32319.3212900562,11588.1,0.95,18992,62461.2,NA,NA,NA,NA,NA,NA,NA
"ySigma[1,14] Assis CMCL",4429.98556106667,3269.345,2050.93317223207,6482.6,0.95,611.512,11551.5,NA,NA,NA,NA,NA,NA,NA
"ySigma[2,14] Assoc CMCL",6934.73888933333,6625.435,5977.83389982479,13695.7,0.95,3660.92,11008.7,NA,NA,NA,NA,NA,NA,NA
"ySigma[3,14] Full CMCL",21066.6615273333,19376.75,17546.9597778376,13239.6,0.95,7220.78,37627.1,NA,NA,NA,NA,NA,NA,NA
"ySigma[4,14] Endow CMCL",13535.6568457067,10353.35,3894.34865713087,15000,0.95,20.1376,37071.1,NA,NA,NA,NA,NA,NA,NA
"ySigma[5,14] Disting CMCL",13486.1152520133,10304.55,3677.63651582762,14791.6,0.95,8.7294,36770.7,NA,NA,NA,NA,NA,NA,NA
"ySigma[1,15] Assis CMLT",7149.19182426667,5275.595,2799.73316043948,6915.7,0.95,707.296,19116.1,NA,NA,NA,NA,NA,NA,NA
"ySigma[2,15] Assoc CMLT",6007.49038393333,4189.665,2039.93629459975,7419.3,0.95,444.571,17381.2,NA,NA,NA,NA,NA,NA,NA
"ySigma[3,15] Full CMLT",15870.053108,14611.75,12763.1794307402,12159.9,0.95,5373.18,29246.6,NA,NA,NA,NA,NA,NA,NA
"ySigma[4,15] Endow CMLT",13522.3848560333,10281.75,3963.61528185101,14579,0.95,8.7294,37020.8,NA,NA,NA,NA,NA,NA,NA
"ySigma[5,15] Disting CMLT",13330.4355038127,10119.15,3929.21249628288,15000,0.95,8.7294,35988,NA,NA,NA,NA,NA,NA,NA
"ySigma[1,16] Assis CRIN",2989.37609193333,2639.04,2144.94963197993,8749.7,0.95,898.45,5845.54,NA,NA,NA,NA,NA,NA,NA
"ySigma[2,16] Assoc CRIN",4114.67094426667,3795.01,3113.85939088493,11761.4,0.95,1605.97,7400.05,NA,NA,NA,NA,NA,NA,NA
"ySigma[3,16] Full CRIN",8058.98201933333,7472.44,6952.3808867821,12039.9,0.95,3231.66,13917.7,NA,NA,NA,NA,NA,NA,NA
"ySigma[4,16] Endow CRIN",9688.06354186667,7769.025,4787.64342657071,7690.1,0.95,1364.95,23162.8,NA,NA,NA,NA,NA,NA,NA
"ySigma[5,16] Disting CRIN",13568.48393658,10286.5,4103.17973630124,15000,0.95,8.7294,37028.4,NA,NA,NA,NA,NA,NA,NA
"ySigma[1,17] Assis CSCI",2800.4878672,2537.745,2213.3495335961,11545.1,0.95,1172.92,5081.4,NA,NA,NA,NA,NA,NA,NA
"ySigma[2,17] Assoc CSCI",12213.5307533333,11783.5,10904.5982482448,11337.3,0.95,6497.45,19052.4,NA,NA,NA,NA,NA,NA,NA
"ySigma[3,17] Full CSCI",16613.473956,15817.15,14773.8728549811,11874.4,0.95,8257.56,26561.7,NA,NA,NA,NA,NA,NA,NA
"ySigma[4,17] Endow CSCI",13447.26667462,10187.35,3581.69585829341,15000,0.95,8.7294,36796.1,NA,NA,NA,NA,NA,NA,NA
"ySigma[5,17] Disting CSCI",13611.7431316273,10283.45,4211.99041841964,15651.2,0.95,8.7294,37494.6,NA,NA,NA,NA,NA,NA,NA
"ySigma[1,18] Assis EALC",4744.16689266667,4259.06,3665.1815146887,10670.1,0.95,1812.79,9006.27,NA,NA,NA,NA,NA,NA,NA
"ySigma[2,18] Assoc EALC",4729.84928906667,3919.41,2864.04510458884,8885.2,0.95,946.507,10406.7,NA,NA,NA,NA,NA,NA,NA
"ySigma[3,18] Full EALC",14043.7942766667,12827.9,11303.7117613778,12897.3,0.95,4639.96,26276.3,NA,NA,NA,NA,NA,NA,NA
"ySigma[4,18] Endow EALC",13404.8042877867,10166.75,3976.47015815598,15000,0.95,8.7294,36706.5,NA,NA,NA,NA,NA,NA,NA
"ySigma[5,18] Disting EALC",13375.9644415133,10094.3,3800.56528166306,13767.1,0.95,8.7294,36838.4,NA,NA,NA,NA,NA,NA,NA
"ySigma[1,19] Assis ECON",8050.06992866667,7283.19,6470.55905986525,8409.4,0.95,3277.19,14683.3,NA,NA,NA,NA,NA,NA,NA
"ySigma[2,19] Assoc ECON",24931.5254446667,23158.95,20348.6915549419,4442.7,0.95,6685.98,46576.7,NA,NA,NA,NA,NA,NA,NA
"ySigma[3,19] Full ECON",36062.3147666667,34720.8,32213.2349535567,11360.3,0.95,20164.5,54181.7,NA,NA,NA,NA,NA,NA,NA
"ySigma[4,19] Endow ECON",32858.894564,30443.8,26285.7364737728,8771,0.95,9663.32,61523.8,NA,NA,NA,NA,NA,NA,NA
"ySigma[5,19] Disting ECON",13415.8330901467,10108.6,4126.61494655802,15000,0.95,8.7294,36849.1,NA,NA,NA,NA,NA,NA,NA
"ySigma[1,20] Assis ELPS",6653.02683746667,5376.27,3763.95562572235,8440.6,0.95,1275.57,15429.4,NA,NA,NA,NA,NA,NA,NA
"ySigma[2,20] Assoc ELPS",14072.2934293333,13430.4,12886.1319474962,13605.3,0.95,7114.05,22371.9,NA,NA,NA,NA,NA,NA,NA
"ySigma[3,20] Full ELPS",28068.751884,26370.7,23794.5441993329,11085.9,0.95,10441.1,48583,NA,NA,NA,NA,NA,NA,NA
"ySigma[4,20] Endow ELPS",13431.58890379,10048.65,3920.72579755885,13257.8,0.95,8.7294,37426.7,NA,NA,NA,NA,NA,NA,NA
"ySigma[5,20] Disting ELPS",13577.74779452,10389.45,3939.59018367695,15000,0.95,28.6232,37120.2,NA,NA,NA,NA,NA,NA,NA
"ySigma[1,21] Assis ENG",4282.474182,3822.745,3252.54467886858,10399.7,0.95,1296.47,8261,NA,NA,NA,NA,NA,NA,NA
"ySigma[2,21] Assoc ENG",7164.767066,6960.49,6490.78934963068,10144.1,0.95,4036.13,10630.3,NA,NA,NA,NA,NA,NA,NA
"ySigma[3,21] Full ENG",14405.9340953333,13869.5,13014.3235900887,12632,0.95,8006.5,21906.9,NA,NA,NA,NA,NA,NA,NA
"ySigma[4,21] Endow ENG",22098.5831766667,20362.05,16931.8895443594,9236.3,0.95,7693.15,41347.7,NA,NA,NA,NA,NA,NA,NA
"ySigma[5,21] Disting ENG",13444.0388689933,10093,4116.87734396439,15183.2,0.95,24.6842,37046.2,NA,NA,NA,NA,NA,NA,NA
"ySigma[1,22] Assis FINH",3816.88644866667,3082.925,2195.85662369136,7273.3,0.95,747.285,8854.14,NA,NA,NA,NA,NA,NA,NA
"ySigma[2,22] Assoc FINH",7271.23485133333,6322.77,5220.02788007778,10859.2,0.95,2060.29,14936.8,NA,NA,NA,NA,NA,NA,NA
"ySigma[3,22] Full FINH",15625.21070252,13315.85,9962.28196411247,8092.8,0.95,42.7313,35595.4,NA,NA,NA,NA,NA,NA,NA
"ySigma[4,22] Endow FINH",13436.0661494787,10278.95,3962.59237139288,13805.7,0.95,8.7294,36471.1,NA,NA,NA,NA,NA,NA,NA
"ySigma[5,22] Disting FINH",13481.3874781333,10221.55,3967.98507668638,14447.4,0.95,8.7294,37019.2,NA,NA,NA,NA,NA,NA,NA
"ySigma[1,23] Assis FINS",8876.09322599467,6424.155,2630.56085075814,7641.7,0.95,8.7294,25420.3,NA,NA,NA,NA,NA,NA,NA
"ySigma[2,23] Assoc FINS",7862.84914466667,7536.315,7063.32921423063,12892.6,0.95,4296.67,12084,NA,NA,NA,NA,NA,NA,NA
"ySigma[3,23] Full FINS",13575.0818281333,10313.05,3953.14841129664,17077.5,0.95,8.7294,36844.3,NA,NA,NA,NA,NA,NA,NA
"ySigma[4,23] Endow FINS",11083.0121236867,8740.99,4739.24802871307,7523,0.95,8.7294,28980.2,NA,NA,NA,NA,NA,NA,NA
"ySigma[5,23] Disting FINS",13579.76869626,10254.3,3713.59827603145,15000,0.95,8.7294,37661.8,NA,NA,NA,NA,NA,NA,NA
"ySigma[1,24] Assis FOLK",4661.0257657,2897.175,1134.12403292192,4775.2,0.95,202.369,14906.3,NA,NA,NA,NA,NA,NA,NA
"ySigma[2,24] Assoc FOLK",11457.900478,10499.1,8649.47424657675,11270.5,0.95,3748.48,21494.3,NA,NA,NA,NA,NA,NA,NA
"ySigma[3,24] Full FOLK",20026.4262546667,18319.55,15688.0932192497,12112.1,0.95,7360.45,36591.2,NA,NA,NA,NA,NA,NA,NA
"ySigma[4,24] Endow FOLK",8765.92806932667,6443.34,2366.36885692738,9604.1,0.95,8.7294,24496.4,NA,NA,NA,NA,NA,NA,NA
"ySigma[5,24] Disting FOLK",13456.5022697467,10146.85,4342.34071235362,14167.1,0.95,16.3348,36736.8,NA,NA,NA,NA,NA,NA,NA
"ySigma[1,25] Assis FRIT",8604.65908333333,7058.59,4819.04393449038,8964.7,0.95,1670.17,19628,NA,NA,NA,NA,NA,NA,NA
"ySigma[2,25] Assoc FRIT",9341.68732533333,8108.245,6509.56933586802,9139,0.95,2898.52,18890.2,NA,NA,NA,NA,NA,NA,NA
"ySigma[3,25] Full FRIT",29414.065978,28080.45,25261.9071482318,11634.1,0.95,14509.4,48276.4,NA,NA,NA,NA,NA,NA,NA
"ySigma[4,25] Endow FRIT",13393.3062215,10178.75,4317.98584449896,14390.8,0.95,8.7294,36548,NA,NA,NA,NA,NA,NA,NA
"ySigma[5,25] Disting FRIT",13228.4468309067,9952.875,3787.83288793692,15000,0.95,8.7294,36303.9,NA,NA,NA,NA,NA,NA,NA
"ySigma[1,26] Assis GEOG",6495.29640666667,5502.77,4317.06134174946,8061.3,0.95,1827.82,13825.1,NA,NA,NA,NA,NA,NA,NA
"ySigma[2,26] Assoc GEOG",9892.81582221533,7491.025,2846.12351746634,7861.5,0.95,8.7294,27297.2,NA,NA,NA,NA,NA,NA,NA
"ySigma[3,26] Full GEOG",15383.34516,13820.4,11314.9801622115,11501.8,0.95,4588.62,29877.9,NA,NA,NA,NA,NA,NA,NA
"ySigma[4,26] Endow GEOG",13387.7718848153,10066.35,3773.89528729388,15000,0.95,8.7294,36192.5,NA,NA,NA,NA,NA,NA,NA
"ySigma[5,26] Disting GEOG",13629.4541170467,10341.5,4087.03844779501,15000,0.95,20.6305,36953.4,NA,NA,NA,NA,NA,NA,NA
"ySigma[1,27] Assis GEOL",2956.51168013333,2310.685,1671.95675806943,5978,0.95,592.74,7152.26,NA,NA,NA,NA,NA,NA,NA
"ySigma[2,27] Assoc GEOL",4442.4558566,3269.03,2021.22443071986,6898.2,0.95,723.373,11927.9,NA,NA,NA,NA,NA,NA,NA
"ySigma[3,27] Full GEOL",21795.7595666667,21053.75,19925.3496513448,13123,0.95,12531.2,32564.3,NA,NA,NA,NA,NA,NA,NA
"ySigma[4,27] Endow GEOL",25976.2291313333,23618.9,19722.9622262284,10727.8,0.95,6625.26,50317.1,NA,NA,NA,NA,NA,NA,NA
"ySigma[5,27] Disting GEOL",13435.2861209067,10189.55,3743.82665017636,15000,0.95,8.7294,36498.9,NA,NA,NA,NA,NA,NA,NA
"ySigma[1,28] Assis GERM",13478.9127465667,10244.25,4021.45535365482,15000,0.95,12.1465,36966.1,NA,NA,NA,NA,NA,NA,NA
"ySigma[2,28] Assoc GERM",9377.78993705333,6922.595,2939.55843428921,7515.8,0.95,8.7294,26366.9,NA,NA,NA,NA,NA,NA,NA
"ySigma[3,28] Full GERM",12238.108096,11479.15,10088.8288841744,13400.6,0.95,5424.52,20222.7,NA,NA,NA,NA,NA,NA,NA
"ySigma[4,28] Endow GERM",24758.9348114,22326.2,18754.2615922653,11191.1,0.95,6343.67,49462.9,NA,NA,NA,NA,NA,NA,NA
"ySigma[5,28] Disting GERM",13506.0488923393,10293.8,3629.98670526038,15000,0.95,9.46459,36552.9,NA,NA,NA,NA,NA,NA,NA
"ySigma[1,29] Assis HIST",3801.29723733333,3552.77,3184.34346090033,13716.5,0.95,1814.31,6395.53,NA,NA,NA,NA,NA,NA,NA
"ySigma[2,29] Assoc HIST",13027.8771533333,12563.15,11354.9906678837,12486.1,0.95,6945.31,19830.5,NA,NA,NA,NA,NA,NA,NA
"ySigma[3,29] Full HIST",16068.808586,15472.55,13791.0652107369,14112.5,0.95,9053.3,24255.2,NA,NA,NA,NA,NA,NA,NA
"ySigma[4,29] Endow HIST",12316.1676293333,10912.4,8251.60417038618,11693.7,0.95,3560.21,25180,NA,NA,NA,NA,NA,NA,NA
"ySigma[5,29] Disting HIST",13484.39737201,10177.3,3673.86100398615,15000,0.95,9.31905,36929.1,NA,NA,NA,NA,NA,NA,NA
"ySigma[1,30] Assis INFO",10461.095248,9086.515,7070.24370931437,11754.7,0.95,2508.88,21417.5,NA,NA,NA,NA,NA,NA,NA
"ySigma[2,30] Assoc INFO",11569.8615453333,10963.8,10317.5679022273,13477.4,0.95,5814.98,18325.5,NA,NA,NA,NA,NA,NA,NA
"ySigma[3,30] Full INFO",16108.877396,15171.55,13626.7703922148,11691.7,0.95,6235.77,27089.4,NA,NA,NA,NA,NA,NA,NA
"ySigma[4,30] Endow INFO",9347.49762631333,6940.735,2575.52312440116,8547.6,0.95,8.7294,26110.1,NA,NA,NA,NA,NA,NA,NA
"ySigma[5,30] Disting INFO",13497.4052488133,10310.45,4265.56153319595,14311.6,0.95,16.4312,36766.6,NA,NA,NA,NA,NA,NA,NA
"ySigma[1,31] Assis JOUR",2537.9475506,1984.5,1413.94279783542,7449.7,0.95,497.797,6254.72,NA,NA,NA,NA,NA,NA,NA
"ySigma[2,31] Assoc JOUR",8384.63583866667,7480.375,6462.9814569331,11409.6,0.95,2865.13,16137.7,NA,NA,NA,NA,NA,NA,NA
"ySigma[3,31] Full JOUR",11074.3560873333,9925.925,7922.16263421554,7548.4,0.95,3990.95,20925,NA,NA,NA,NA,NA,NA,NA
"ySigma[4,31] Endow JOUR",13428.8310254667,10292.6,3483.75570108896,15000,0.95,8.7294,36765.3,NA,NA,NA,NA,NA,NA,NA
"ySigma[5,31] Disting JOUR",13446.4531968267,10237.5,4001.59638404857,14119.8,0.95,8.7294,37004.4,NA,NA,NA,NA,NA,NA,NA
"ySigma[1,32] Assis KINE",7700.50031266667,6927.005,5682.60333249338,10940.5,0.95,2429.37,14802.2,NA,NA,NA,NA,NA,NA,NA
"ySigma[2,32] Assoc KINE",8017.84047293333,7013.86,5556.87035072773,10192.4,0.95,1862.59,16347.3,NA,NA,NA,NA,NA,NA,NA
"ySigma[3,32] Full KINE",12795.8046186667,11797.35,10009.8787856779,10303.6,0.95,4444.42,23577.9,NA,NA,NA,NA,NA,NA,NA
"ySigma[4,32] Endow KINE",13538.0195835867,10278.45,3519.1970740214,15000,0.95,8.7294,37092.6,NA,NA,NA,NA,NA,NA,NA
"ySigma[5,32] Disting KINE",13413.53024374,10179.55,4107.85370308056,15000,0.95,8.7294,36564.8,NA,NA,NA,NA,NA,NA,NA
"ySigma[1,33] Assis LAWS",13642.3100894047,10340,4109.130111672,15000,0.95,8.7294,37192.7,NA,NA,NA,NA,NA,NA,NA
"ySigma[2,33] Assoc LAWS",1188.43244946667,1088.635,986.987779740768,9090,0.95,533.655,2068.78,NA,NA,NA,NA,NA,NA,NA
"ySigma[3,33] Full LAWS",15634.650966,14939.95,13723.4742636569,8996.1,0.95,7991.97,24210.3,NA,NA,NA,NA,NA,NA,NA
"ySigma[4,33] Endow LAWS",25500.26866,24936.75,23621.8689914398,13604.8,0.95,16521.9,35958.5,NA,NA,NA,NA,NA,NA,NA
"ySigma[5,33] Disting LAWS",21169.109021,18910.6,16028.4628276959,3581.1,0.95,1522.5,44406,NA,NA,NA,NA,NA,NA,NA
"ySigma[1,34] Assis LGED",2172.37223096,1290.98,772.356547191092,1930.8,0.95,170.162,6795.03,NA,NA,NA,NA,NA,NA,NA
"ySigma[2,34] Assoc LGED",3758.75430066667,3450.64,2966.41551072064,12122.3,0.95,1528.27,6763.13,NA,NA,NA,NA,NA,NA,NA
"ySigma[3,34] Full LGED",12491.770486032,10112.8,6644.09840570979,6761.5,0.95,8.7294,31523.9,NA,NA,NA,NA,NA,NA,NA
"ySigma[4,34] Endow LGED",13497.2433685133,10006.3,3857.53419472301,15000,0.95,8.7294,37604.1,NA,NA,NA,NA,NA,NA,NA
"ySigma[5,34] Disting LGED",13504.5545738467,10257.5,3866.14999350548,15000,0.95,16.9934,37172.9,NA,NA,NA,NA,NA,NA,NA
"ySigma[1,35] Assis LING",9102.0672275,6586.25,3210.5775617298,6709.9,0.95,8.7294,25938.3,NA,NA,NA,NA,NA,NA,NA
"ySigma[2,35] Assoc LING",7437.6084938,5631.28,3346.1064466097,6985.2,0.95,878.197,19254.1,NA,NA,NA,NA,NA,NA,NA
"ySigma[3,35] Full LING",23484.74216,22206.1,19688.5704619491,12607.1,0.95,10246.1,39913.9,NA,NA,NA,NA,NA,NA,NA
"ySigma[4,35] Endow LING",13607.4527255867,10366.95,3623.61812279427,15000,0.95,8.7294,36905,NA,NA,NA,NA,NA,NA,NA
"ySigma[5,35] Disting LING",13521.8007974433,10198.95,3622.66054443458,15000,0.95,8.89805,37335.7,NA,NA,NA,NA,NA,NA,NA
"ySigma[1,36] Assis MATH",3644.92118973333,2922.355,2226.35028484135,4222.6,0.95,688.367,8261.53,NA,NA,NA,NA,NA,NA,NA
"ySigma[2,36] Assoc MATH",12507.838324,11827.4,10589.992287994,13566.4,0.95,6005.73,20397.7,NA,NA,NA,NA,NA,NA,NA
"ySigma[3,36] Full MATH",14402.1035286667,14114.15,13572.7450701085,11473.1,0.95,9605.43,19833.4,NA,NA,NA,NA,NA,NA,NA
"ySigma[4,36] Endow MATH",34272.8262846667,31998.4,27260.5797220429,11460.1,0.95,10763.8,63238.7,NA,NA,NA,NA,NA,NA,NA
"ySigma[5,36] Disting MATH",16934.83654224,14715.15,12164.2057380034,4298.3,0.95,47.8957,38348.7,NA,NA,NA,NA,NA,NA,NA
"ySigma[1,37] Assis MGMT",7122.059806,6033.15,4680.21744940146,5361.9,0.95,2153.93,15053,NA,NA,NA,NA,NA,NA,NA
"ySigma[2,37] Assoc MGMT",3966.1991052,2349.775,1314.96114713487,2625.6,0.95,317.948,13089.3,NA,NA,NA,NA,NA,NA,NA
"ySigma[3,37] Full MGMT",13320.06261764,10066.85,3877.16981713288,15000,0.95,21.0926,36594,NA,NA,NA,NA,NA,NA,NA
"ySigma[4,37] Endow MGMT",21047.9031806667,19410.35,17489.9097996184,10750.1,0.95,7775.06,37340.8,NA,NA,NA,NA,NA,NA,NA
"ySigma[5,37] Disting MGMT",13539.258967158,10304,3914.54075758879,14228,0.95,9.85667,36647.9,NA,NA,NA,NA,NA,NA,NA
"ySigma[1,38] Assis MKTG",2133.32565325333,1218.21,671.337994751445,3019,0.95,130.005,7187.05,NA,NA,NA,NA,NA,NA,NA
"ySigma[2,38] Assoc MKTG",12413.09756,11481.55,9859.94444011305,7962.1,0.95,5160.82,21836.2,NA,NA,NA,NA,NA,NA,NA
"ySigma[3,38] Full MKTG",26854.574648,24426.85,21128.4494961117,9791.2,0.95,6797.61,51441.8,NA,NA,NA,NA,NA,NA,NA
"ySigma[4,38] Endow MKTG",16897.887288,15264.75,12254.4646499883,10912.8,0.95,5402.97,32102.5,NA,NA,NA,NA,NA,NA,NA
"ySigma[5,38] Disting MKTG",13683.9981279467,10316.2,3717.70890810902,13743.1,0.95,8.7294,38139.1,NA,NA,NA,NA,NA,NA,NA
"ySigma[1,39] Assis MUHI",8921.90827533333,6554.295,2441.36807161277,10052.3,0.95,8.7294,25267.6,NA,NA,NA,NA,NA,NA,NA
"ySigma[2,39] Assoc MUHI",8033.98636,6979.705,5773.34436585389,7561,0.95,2517.16,15940.9,NA,NA,NA,NA,NA,NA,NA
"ySigma[3,39] Full MUHI",11939.4068313333,10430.95,8721.74174756339,11550.2,0.95,3220.4,24151.9,NA,NA,NA,NA,NA,NA,NA
"ySigma[4,39] Endow MUHI",13470.6871177253,10219,3759.6873424503,15000,0.95,8.7294,36845.3,NA,NA,NA,NA,NA,NA,NA
"ySigma[5,39] Disting MUHI",23406.1421172,20910.55,17034.0028245268,7502.3,0.95,3895.57,48469.3,NA,NA,NA,NA,NA,NA,NA
"ySigma[1,40] Assis MUIN",9539.08265897067,7131.485,2949.57066209773,8976.7,0.95,8.7294,26397.4,NA,NA,NA,NA,NA,NA,NA
"ySigma[2,40] Assoc MUIN",14801.641574,13724.6,12217.3456194355,10256.8,0.95,6334.94,25943.9,NA,NA,NA,NA,NA,NA,NA
"ySigma[3,40] Full MUIN",12209.3629466667,11988.95,11691.4667515582,13432.3,0.95,8417.33,16333.7,NA,NA,NA,NA,NA,NA,NA
"ySigma[4,40] Endow MUIN",16078.8142633333,14534.7,12308.6250714345,12760.6,0.95,4919.66,30764.2,NA,NA,NA,NA,NA,NA,NA
"ySigma[5,40] Disting MUIN",21841.248222,19873.25,16357.6100775856,12189.4,0.95,6663.06,40441.8,NA,NA,NA,NA,NA,NA,NA
"ySigma[1,41] Assis MUST",13432.4014750013,10233.35,3523.66686920677,15000,0.95,8.7294,36750.9,NA,NA,NA,NA,NA,NA,NA
"ySigma[2,41] Assoc MUST",19621.0051253333,17357.6,13992.5872999437,9189.4,0.95,1209.41,42113.3,NA,NA,NA,NA,NA,NA,NA
"ySigma[3,41] Full MUST",18388.998704,17632.1,16306.4331283527,13209.9,0.95,10083.3,28196.7,NA,NA,NA,NA,NA,NA,NA
"ySigma[4,41] Endow MUST",15099.6980646667,13604.95,11057.9294862214,12751.8,0.95,4526.69,29623.6,NA,NA,NA,NA,NA,NA,NA
"ySigma[5,41] Disting MUST",13539.7554086333,10253.6,4371.17901775721,15000,0.95,8.7294,36736.5,NA,NA,NA,NA,NA,NA,NA
"ySigma[1,42] Assis MUTH",8986.06371083267,6448.495,2409.28719852298,8190.8,0.95,8.7294,25866.3,NA,NA,NA,NA,NA,NA,NA
"ySigma[2,42] Assoc MUTH",7146.80146666667,6187.405,4716.78361624259,10913.7,0.95,2070.81,14815.9,NA,NA,NA,NA,NA,NA,NA
"ySigma[3,42] Full MUTH",11154.7715926667,9787.215,7758.46977828841,11403.1,0.95,2982.87,22513.2,NA,NA,NA,NA,NA,NA,NA
"ySigma[4,42] Endow MUTH",13405.0833996067,10147.15,3716.07642227404,15000,0.95,14.0372,36739.8,NA,NA,NA,NA,NA,NA,NA
"ySigma[5,42] Disting MUTH",13483.64973598,10080.15,4063.42338610877,14466.6,0.95,29.8539,37175,NA,NA,NA,NA,NA,NA,NA
"ySigma[1,43] Assis MUVO",13362.790484596,10219.95,3991.90444699792,15000,0.95,8.7294,36155.5,NA,NA,NA,NA,NA,NA,NA
"ySigma[2,43] Assoc MUVO",8746.0847962,6754.65,4170.04831875355,8804.3,0.95,1096.09,21921.5,NA,NA,NA,NA,NA,NA,NA
"ySigma[3,43] Full MUVO",16734.861786,15779.1,13472.4022137909,11927.3,0.95,7197.05,27832.5,NA,NA,NA,NA,NA,NA,NA
"ySigma[4,43] Endow MUVO",13454.842179692,10094.3,4154.61816133794,15000,0.95,8.7294,36860.4,NA,NA,NA,NA,NA,NA,NA
"ySigma[5,43] Disting MUVO",25596.9196473333,23268.9,19286.9572392638,7120,0.95,5122.42,51364.5,NA,NA,NA,NA,NA,NA,NA
"ySigma[1,44] Assis OADT",6351.66026466667,5840.285,5021.52290363769,11837.7,0.95,2188.01,11683.5,NA,NA,NA,NA,NA,NA,NA
"ySigma[2,44] Assoc OADT",7167.80978993333,5615.03,3717.94879838057,7217.9,0.95,1223.68,17505.6,NA,NA,NA,NA,NA,NA,NA
"ySigma[3,44] Full OADT",19196.231588,17175.9,13753.8470303034,8903,0.95,3736.92,38739.7,NA,NA,NA,NA,NA,NA,NA
"ySigma[4,44] Endow OADT",24021.7769526667,22078.5,17796.5954486971,12911.8,0.95,8267.21,44515.1,NA,NA,NA,NA,NA,NA,NA
"ySigma[5,44] Disting OADT",13343.8292345467,10060.75,3992.96158096398,15000,0.95,8.7294,36836.1,NA,NA,NA,NA,NA,NA,NA
"ySigma[1,45] Assis OPT",2525.36720641333,1278.375,706.787889926209,1740.2,0.95,157.13,9417.89,NA,NA,NA,NA,NA,NA,NA
"ySigma[2,45] Assoc OPT",4936.07077226667,3874.635,2651.95680416358,9181,0.95,838.677,12044.1,NA,NA,NA,NA,NA,NA,NA
"ySigma[3,45] Full OPT",7274.91977666667,6271.135,5053.66241743147,7172.4,0.95,2184.45,14952.1,NA,NA,NA,NA,NA,NA,NA
"ySigma[4,45] Endow OPT",13266.5633309327,10082.5,3887.30495531012,15000,0.95,8.7294,36003.2,NA,NA,NA,NA,NA,NA,NA
"ySigma[5,45] Disting OPT",13495.73390568,10175.25,4077.06565610078,15000,0.95,8.7294,37109.9,NA,NA,NA,NA,NA,NA,NA
"ySigma[1,46] Assis PHYS",2117.10105046667,1952.79,1735.83802868121,11092,0.95,919.675,3774.65,NA,NA,NA,NA,NA,NA,NA
"ySigma[2,46] Assoc PHYS",4440.91617973333,3838.96,2926.0843367478,8534.7,0.95,1463.97,8998.78,NA,NA,NA,NA,NA,NA,NA
"ySigma[3,46] Full PHYS",26609.54864,25981.45,24914.8638780268,10813.9,0.95,16712.9,37705,NA,NA,NA,NA,NA,NA,NA
"ySigma[4,46] Endow PHYS",13347.9469526067,10108.3,4077.82311131102,14644.2,0.95,11.0351,36410.6,NA,NA,NA,NA,NA,NA,NA
"ySigma[5,46] Disting PHYS",23227.725906,21047.65,18535.4954353979,4894.3,0.95,4890.58,45067.5,NA,NA,NA,NA,NA,NA,NA
"ySigma[1,47] Assis PL",10943.5597153333,8981.925,6394.70942044051,9287.9,0.95,1931.44,24604.5,NA,NA,NA,NA,NA,NA,NA
"ySigma[2,47] Assoc PL",8836.71604206667,6869.79,4017.21188601799,7754.7,0.95,1119.62,22638,NA,NA,NA,NA,NA,NA,NA
"ySigma[3,47] Full PL",23135.288446,22050.5,20199.6158939353,12205.4,0.95,10310.8,37396,NA,NA,NA,NA,NA,NA,NA
"ySigma[4,47] Endow PL",26875.2106273333,25169.35,22828.3664559643,11956.1,0.95,8956.01,48601.8,NA,NA,NA,NA,NA,NA,NA
"ySigma[5,47] Disting PL",13362.1039200333,10314.45,3649.72780651992,15000,0.95,8.7294,35932.5,NA,NA,NA,NA,NA,NA,NA
"ySigma[1,48] Assis POLS",4842.41914706667,2957.235,1197.89880668842,4714.3,0.95,173.35,15462.5,NA,NA,NA,NA,NA,NA,NA
"ySigma[2,48] Assoc POLS",9971.23023533333,9269.485,8133.49529766871,11387.9,0.95,4305.94,17062.6,NA,NA,NA,NA,NA,NA,NA
"ySigma[3,48] Full POLS",23412.674756,22470.7,20952.8127069092,11166.2,0.95,12262.5,36543.8,NA,NA,NA,NA,NA,NA,NA
"ySigma[4,48] Endow POLS",28846.3426561333,27008.45,23496.3481803821,8227.1,0.95,9439.74,52627.1,NA,NA,NA,NA,NA,NA,NA
"ySigma[5,48] Disting POLS",17551.66746684,15279,11500.3980648589,7286.1,0.95,165.877,39220.9,NA,NA,NA,NA,NA,NA,NA
"ySigma[1,49] Assis PSY",5001.10094266667,4464.395,3617.1199464444,10667,0.95,1848.44,9487.45,NA,NA,NA,NA,NA,NA,NA
"ySigma[2,49] Assoc PSY",10044.5476093333,9486.51,8393.21569642054,11335.9,0.95,4467.38,16862.4,NA,NA,NA,NA,NA,NA,NA
"ySigma[3,49] Full PSY",24875.1450666667,24215.35,23782.1118360853,13066.7,0.95,15304.2,35530.1,NA,NA,NA,NA,NA,NA,NA
"ySigma[4,49] Endow PSY",42991.63452,41461.9,37633.2204255892,9115.2,0.95,20145.4,67800.7,NA,NA,NA,NA,NA,NA,NA
"ySigma[5,49] Disting PSY",38332.1548206667,36395,33641.5184529537,9734.4,0.95,16469.8,63984.4,NA,NA,NA,NA,NA,NA,NA
"ySigma[1,50] Assis REL",1505.634542,1242.92,974.852526526735,7185.1,0.95,366.867,3346.8,NA,NA,NA,NA,NA,NA,NA
"ySigma[2,50] Assoc REL",3538.64205766667,3022.055,2448.19442386627,9362.9,0.95,880.015,7419.78,NA,NA,NA,NA,NA,NA,NA
"ySigma[3,50] Full REL",24463.11985,22682.15,19100.2238312215,12834.4,0.95,9903.83,43577.8,NA,NA,NA,NA,NA,NA,NA
"ySigma[4,50] Endow REL",13621.1532202733,10287.2,3844.09658356657,14086.3,0.95,8.7294,37463.1,NA,NA,NA,NA,NA,NA,NA
"ySigma[5,50] Disting REL",13460.5537534933,10163.05,3978.54386290428,15000,0.95,8.7294,36693.8,NA,NA,NA,NA,NA,NA,NA
"ySigma[1,51] Assis RPAD",8048.52790326667,6516.995,4321.11703009476,6745.5,0.95,1344.2,18963.2,NA,NA,NA,NA,NA,NA,NA
"ySigma[2,51] Assoc RPAD",7806.66522533333,6988.955,5466.87216791751,11324.8,0.95,2539.09,15047.5,NA,NA,NA,NA,NA,NA,NA
"ySigma[3,51] Full RPAD",5580.43536806667,3546.195,1297.68956457835,5550.8,0.95,221.52,17794.8,NA,NA,NA,NA,NA,NA,NA
"ySigma[4,51] Endow RPAD",13448.6209092667,10165.8,3879.1742850023,15000,0.95,8.7294,37022.9,NA,NA,NA,NA,NA,NA,NA
"ySigma[5,51] Disting RPAD",13584.2009835067,10187.05,3871.11208585764,15000,0.95,12.2282,37511,NA,NA,NA,NA,NA,NA,NA
"ySigma[1,52] Assis SLIS",7748.75829366667,6479.82,4655.09219064335,10220.9,0.95,1637.9,17302.8,NA,NA,NA,NA,NA,NA,NA
"ySigma[2,52] Assoc SLIS",5798.89524666667,5343.735,4631.75071987767,11654.3,0.95,2482.7,10012.9,NA,NA,NA,NA,NA,NA,NA
"ySigma[3,52] Full SLIS",10236.5806313733,7699.24,3589.50252165087,6772.4,0.95,8.7294,27792.7,NA,NA,NA,NA,NA,NA,NA
"ySigma[4,52] Endow SLIS",19706.451166,17726.2,14187.7890360433,13011.5,0.95,5166.49,38419.7,NA,NA,NA,NA,NA,NA,NA
"ySigma[5,52] Disting SLIS",13338.16515206,10159.6,3560.13697399899,14557.5,0.95,8.7294,36064.9,NA,NA,NA,NA,NA,NA,NA
"ySigma[1,53] Assis SLS",3279.73231766667,2201.81,1331.95682538916,4686,0.95,430.198,9546.75,NA,NA,NA,NA,NA,NA,NA
"ySigma[2,53] Assoc SLS",5981.78496273333,4774.89,3501.2618850256,7656.3,0.95,929.581,14180.8,NA,NA,NA,NA,NA,NA,NA
"ySigma[3,53] Full SLS",11462.25963334,8937.71,5652.05811858895,7559.8,0.95,8.7294,30103.7,NA,NA,NA,NA,NA,NA,NA
"ySigma[4,53] Endow SLS",13484.3634438067,10140.05,3776.90477755373,15000,0.95,24.4791,37139.6,NA,NA,NA,NA,NA,NA,NA
"ySigma[5,53] Disting SLS",13413.5854951427,10175.75,4073.52110603238,15000,0.95,8.7294,36808.1,NA,NA,NA,NA,NA,NA,NA
"ySigma[1,54] Assis SOC",1678.48443853333,1380.075,1028.38960555859,6317.9,0.95,353.448,3696.53,NA,NA,NA,NA,NA,NA,NA
"ySigma[2,54] Assoc SOC",12366.6479726667,11616.15,10693.737306221,12856.5,0.95,5512.49,20911.3,NA,NA,NA,NA,NA,NA,NA
"ySigma[3,54] Full SOC",11347.62308,10257,8595.10279498053,12388.1,0.95,3782.53,21709.2,NA,NA,NA,NA,NA,NA,NA
"ySigma[4,54] Endow SOC",19715.611436,17908.3,15934.2305414227,9936.5,0.95,5242.02,38198.5,NA,NA,NA,NA,NA,NA,NA
"ySigma[5,54] Disting SOC",10621.2068630867,8178.68,3281.02292072476,6718.4,0.95,8.7294,28939.7,NA,NA,NA,NA,NA,NA,NA
"ySigma[1,55] Assis SPAN",4129.502154,3584.265,2980.89371157003,9456.4,0.95,1148.48,8569.55,NA,NA,NA,NA,NA,NA,NA
"ySigma[2,55] Assoc SPAN",5681.59035533333,5329.74,4858.49694863883,10609.7,0.95,2549.82,9664.62,NA,NA,NA,NA,NA,NA,NA
"ySigma[3,55] Full SPAN",14874.6480153333,14025.4,12341.8450052129,10826.2,0.95,5551.94,25669.6,NA,NA,NA,NA,NA,NA,NA
"ySigma[4,55] Endow SPAN",13586.9105200533,10188.15,3995.00223338107,14587.6,0.95,8.7294,36935.8,NA,NA,NA,NA,NA,NA,NA
"ySigma[5,55] Disting SPAN",13605.04912966,10338,4245.54722995329,15000,0.95,8.7294,37393,NA,NA,NA,NA,NA,NA,NA
"ySigma[1,56] Assis SPEA",8466.59834466667,8175.42,7630.59254714685,13274.8,0.95,4762.16,12607.7,NA,NA,NA,NA,NA,NA,NA
"ySigma[2,56] Assoc SPEA",12938.359008,12473.45,12058.0847586988,12241.6,0.95,7218.13,19754.4,NA,NA,NA,NA,NA,NA,NA
"ySigma[3,56] Full SPEA",15998.03961,15140.75,13895.3785667371,13171.2,0.95,7877.5,25981.1,NA,NA,NA,NA,NA,NA,NA
"ySigma[4,56] Endow SPEA",20832.9309446667,19055.4,16363.8953785778,11006.7,0.95,5982.94,39416.2,NA,NA,NA,NA,NA,NA,NA
"ySigma[5,56] Disting SPEA",41426.264868,39191,34517.3143537623,10313.5,0.95,15780.9,71537.2,NA,NA,NA,NA,NA,NA,NA
"ySigma[1,57] Assis SPHS",4243.208366,3499.675,2533.51453286957,8457.8,0.95,1043.65,9489.2,NA,NA,NA,NA,NA,NA,NA
"ySigma[2,57] Assoc SPHS",7904.39667,7118.99,5857.60350427705,12323.7,0.95,2732.59,15451.6,NA,NA,NA,NA,NA,NA,NA
"ySigma[3,57] Full SPHS",13959.44291,12967.35,11027.9526191652,12991.2,0.95,5516.46,24522.4,NA,NA,NA,NA,NA,NA,NA
"ySigma[4,57] Endow SPHS",13563.4349551447,10291,3612.85944822993,15000,0.95,8.7294,37250.2,NA,NA,NA,NA,NA,NA,NA
"ySigma[5,57] Disting SPHS",38700.9397773333,36308.15,30635.4323308242,11233.7,0.95,11725.8,69744.5,NA,NA,NA,NA,NA,NA,NA
"ySigma[1,58] Assis STAT",6697.399864,5666.185,4422.01809212707,8559,0.95,1834.18,14278.7,NA,NA,NA,NA,NA,NA,NA
"ySigma[2,58] Assoc STAT",12071.3137576167,9718.85,5563.12138683028,7622.9,0.95,8.7294,30800.4,NA,NA,NA,NA,NA,NA,NA
"ySigma[3,58] Full STAT",13436.26597854,10220.85,4160.7905510068,14255.7,0.95,8.7294,36539.5,NA,NA,NA,NA,NA,NA,NA
"ySigma[4,58] Endow STAT",20061.7888126,17807.4,13972.090528993,6626.8,0.95,1841.46,42756.1,NA,NA,NA,NA,NA,NA,NA
"ySigma[5,58] Disting STAT",11455.02172484,9098.965,4669.83792260828,7761.6,0.95,15.7616,29963.2,NA,NA,NA,NA,NA,NA,NA
"ySigma[1,59] Assis TELC",4516.73543613333,3725.52,2820.34852477072,7111.4,0.95,1058.92,9970.7,NA,NA,NA,NA,NA,NA,NA
"ySigma[2,59] Assoc TELC",10291.7607753333,8372.655,5936.38885580789,9508.2,0.95,1833.24,24189,NA,NA,NA,NA,NA,NA,NA
"ySigma[3,59] Full TELC",16955.1681493333,15804.85,13360.3144294881,13538,0.95,7133.16,29499.6,NA,NA,NA,NA,NA,NA,NA
"ySigma[4,59] Endow TELC",13359.8691983133,10026.7,4139.44104281676,15000,0.95,23.3774,36665,NA,NA,NA,NA,NA,NA,NA
"ySigma[5,59] Disting TELC",12679.8811114333,10250.65,4806.15137422449,6596.3,0.95,8.7294,32750.7,NA,NA,NA,NA,NA,NA,NA
"ySigma[1,60] Assis THTR",2701.38144273333,2119.155,1467.71626337007,6671.8,0.95,549.284,6405.09,NA,NA,NA,NA,NA,NA,NA
"ySigma[2,60] Assoc THTR",4585.58071066667,4277.225,3791.57462556405,12830.7,0.95,2053.15,7820.72,NA,NA,NA,NA,NA,NA,NA
"ySigma[3,60] Full THTR",13431.0402630447,10118.3,3640.58635905595,14529.9,0.95,8.7294,37636.2,NA,NA,NA,NA,NA,NA,NA
"ySigma[4,60] Endow THTR",13333.85386042,10066.15,3803.5035315668,15000,0.95,8.7294,36699.3,NA,NA,NA,NA,NA,NA,NA
"ySigma[5,60] Disting THTR",13467.2350551,10212,3591.96608304012,14554.7,0.95,8.7294,36602.5,NA,NA,NA,NA,NA,NA,NA
"sigmaMode",3182.53780976,3204.445,3309.89964427722,6487.3,0.95,1012.35,5338.03,NA,NA,NA,NA,NA,NA,NA
"sigmaSD",11766.315106,11691.2,11298.8535601946,3818.9,0.95,9193.83,14473.2,NA,NA,NA,NA,NA,NA,NA
"nu",7.04094639,6.07913,5.18930520893245,3146.5,0.95,3.01742,13.0228,NA,NA,NA,NA,NA,NA,NA
"Full.v.Assoc",27652.1668400146,27631.1825,27486.9612999006,4239.3,0.95,25013.1,30274.52,0,100,-1000,1000,0,0,100
"Assoc.v.Assis",12349.9720533333,12345.5,12296.3459970257,1542.3,0.95,10735.6,13936.6,0,100,-1000,1000,0,0,100
"CHEM.v.ENG",26859.3894078533,26678.445,26175.7176238803,2207.4,0.95,17933.95,35862.4,0,100,-1000,1000,0,0,100
"CHEM.v.PSY",13819.4098575653,13764.93,13415.1567514612,3017.9,0.95,4638.76,23328.92,0,99.8733333333333,-1000,1000,0.0466666666666667,0.266666666666666,99.6866666666667
"BFIN.v.PSYCHEMENG",119138.544251286,119225.987,119478.319337814,6240.6,0.95,109944.576666667,127728.883333333,0,100,-1000,1000,0,0,100
"Full.v.Assis.x.CHEM.v.ENG",10548.3345578946,10362.5755,10155.3211050892,3053.5,0.95,-4540.22,26441.5,0,91.3333333333333,-1000,1000,6.69333333333333,4.34666666666668,88.96
"Full.v.Assis.x.CHEM.v.PSY",20849.8310933881,20514.805,19096.9496119126,1694.6,0.95,3231.88,38186.49,0,99.3,-1000,1000,0.473333333333333,0.52000000000001,99.0066666666667
"Full.v.AssocAssis.x.BFIN.v.PSYCHEMENG",-5509.24025339164,-5333.01741666667,-5186.68444483035,7140.5,0.95,-19794.9393333333,8344.4105,0,21.6,-1000,1000,73.9333333333333,8.66,17.4066666666667
